nom_region,nom_espece,superficie,pluviometrie,rendement_moyen,annee,temperature_moyenne,mois_plantation,log_pluviometrie,categorie_pluviometrie
Abidjan,Cacao,311.35,221.88,9.4,2019,25.67,4,5.4066335100314955,Moyenne
Abidjan,Cacao,141.35,221.88,9.4,2019,25.67,8,5.4066335100314955,Moyenne
Abidjan,Cacao,301.74,221.88,9.4,2019,25.67,3,5.4066335100314955,Moyenne
Abidjan,Café,114.35,92.11,6.29,2019,29.375,6,4.533781589900438,Faible
Abidjan,Café,253.65,92.11,6.29,2019,29.375,12,4.533781589900438,Faible
Abidjan,Café,99.87,92.11,6.29,2019,29.375,12,4.533781589900438,Faible
Abidjan,Café,153.86,92.11,6.29,2019,29.375,4,4.533781589900438,Faible
Abidjan,Café,147.66,92.11,6.29,2019,29.375,8,4.533781589900438,Faible
Abidjan,Café,118.83,92.11,6.29,2019,29.375,10,4.533781589900438,Faible
Abidjan,Café,264.23,92.11,6.29,2019,29.375,3,4.533781589900438,Faible
Abidjan,Café,483.16,92.11,6.29,2019,29.375,5,4.533781589900438,Faible
Abidjan,Café,65.6,92.11,6.29,2019,29.375,4,4.533781589900438,Faible
Abidjan,Palmier à huile,455.14,477.96,1.38,2019,28.235,3,6.171617086617097,Élevée
Abidjan,Palmier à huile,302.45,477.96,1.38,2019,28.235,7,6.171617086617097,Élevée
Abidjan,Palmier à huile,410.44,477.96,1.38,2019,28.235,8,6.171617086617097,Élevée
Abidjan,Hévéa,328.32,185.08,6.0,2019,27.035,4,5.226176688770354,Moyenne
Abidjan,Hévéa,68.22,185.08,6.0,2019,27.035,8,5.226176688770354,Moyenne
Abidjan,Hévéa,360.15,185.08,6.0,2019,27.035,9,5.226176688770354,Moyenne
Abidjan,Hévéa,22.92,185.08,6.0,2019,27.035,2,5.226176688770354,Moyenne
Abidjan,Hévéa,420.78,185.08,6.0,2019,27.035,3,5.226176688770354,Moyenne
Abidjan,Hévéa,342.01,185.08,6.0,2019,27.035,6,5.226176688770354,Moyenne
Abidjan,Hévéa,101.39,185.08,6.0,2019,27.035,6,5.226176688770354,Moyenne
Abidjan,Anacardier,309.2,167.26,5.79,2019,20.31,8,5.125510402122668,Moyenne
Abidjan,Anacardier,154.28,167.26,5.79,2019,20.31,11,5.125510402122668,Moyenne
Abidjan,Anacardier,198.11,167.26,5.79,2019,20.31,1,5.125510402122668,Moyenne
Abidjan,Anacardier,318.18,167.26,5.79,2019,20.31,7,5.125510402122668,Moyenne
Abidjan,Goyave,194.87,353.24,2.18,2019,27.18,1,5.869974649520272,Élevée
Abidjan,Goyave,19.66,353.24,2.18,2019,27.18,5,5.869974649520272,Élevée
Abidjan,Goyave,157.68,353.24,2.18,2019,27.18,11,5.869974649520272,Élevée
Abidjan,Goyave,326.5,353.24,2.18,2019,27.18,5,5.869974649520272,Élevée
Abidjan,Goyave,127.67,353.24,2.18,2019,27.18,9,5.869974649520272,Élevée
Abidjan,Goyave,464.03,353.24,2.18,2019,27.18,5,5.869974649520272,Élevée
Abidjan,Goyave,131.2,353.24,2.18,2019,27.18,2,5.869974649520272,Élevée
Abidjan,Papaye,469.79,231.34,5.07,2019,28.53,8,5.448201816085329,Moyenne
Abidjan,Papaye,54.24,231.34,5.07,2019,28.53,9,5.448201816085329,Moyenne
Abidjan,Papaye,376.65,231.34,5.07,2019,28.53,3,5.448201816085329,Moyenne
Abidjan,Cocotier,417.0,333.77,4.15,2019,25.16,8,5.813443728865719,Élevée
Abidjan,Cocotier,355.0,333.77,4.15,2019,25.16,10,5.813443728865719,Élevée
Abidjan,Cocotier,128.78,333.77,4.15,2019,25.16,10,5.813443728865719,Élevée
Abidjan,Cocotier,94.44,333.77,4.15,2019,25.16,1,5.813443728865719,Élevée
Abidjan,Cocotier,51.23,333.77,4.15,2019,25.16,11,5.813443728865719,Élevée
Abidjan,Teck,437.02,341.62,2.71,2019,27.12,1,5.8366219613023125,Élevée
Abidjan,Teck,309.81,341.62,2.71,2019,27.12,2,5.8366219613023125,Élevée
Abidjan,Teck,261.97,341.62,2.71,2019,27.12,3,5.8366219613023125,Élevée
Abidjan,Teck,493.57,341.62,2.71,2019,27.12,11,5.8366219613023125,Élevée
Abidjan,Teck,286.92,341.62,2.71,2019,27.12,3,5.8366219613023125,Élevée
Abidjan,Acajou,143.35,354.66,3.41,2019,26.69,3,5.873975218315515,Élevée
Abidjan,Acajou,466.74,354.66,3.41,2019,26.69,1,5.873975218315515,Élevée
Abidjan,Acajou,139.95,354.66,3.41,2019,26.69,6,5.873975218315515,Élevée
Abidjan,Acajou,194.7,354.66,3.41,2019,26.69,2,5.873975218315515,Élevée
Abidjan,Acajou,97.49,354.66,3.41,2019,26.69,10,5.873975218315515,Élevée
Abidjan,Acajou,64.21,354.66,3.41,2019,26.69,1,5.873975218315515,Élevée
Abidjan,Acajou,299.24,354.66,3.41,2019,26.69,6,5.873975218315515,Élevée
Abidjan,Acajou,313.84,354.66,3.41,2019,26.69,11,5.873975218315515,Élevée
Abidjan,Iroko,272.69,247.11,6.0,2019,26.655,1,5.513872196213571,Moyenne
Abidjan,Iroko,132.62,247.11,6.0,2019,26.655,3,5.513872196213571,Moyenne
Abidjan,Iroko,129.55,247.11,6.0,2019,26.655,8,5.513872196213571,Moyenne
Abidjan,Iroko,78.35,247.11,6.0,2019,26.655,6,5.513872196213571,Moyenne
Abidjan,Iroko,366.81,247.11,6.0,2019,26.655,8,5.513872196213571,Moyenne
Abidjan,Iroko,419.12,247.11,6.0,2019,26.655,6,5.513872196213571,Moyenne
Abidjan,Samba,496.55,176.68,8.52,2019,23.505000000000003,2,5.179984179586172,Moyenne
Abidjan,Samba,376.33,176.68,8.52,2019,23.505000000000003,4,5.179984179586172,Moyenne
Abidjan,Samba,475.27,176.68,8.52,2019,23.505000000000003,4,5.179984179586172,Moyenne
Abidjan,Samba,458.01,176.68,8.52,2019,23.505000000000003,2,5.179984179586172,Moyenne
Abidjan,Samba,281.39,176.68,8.52,2019,23.505000000000003,3,5.179984179586172,Moyenne
Abidjan,Samba,335.13,176.68,8.52,2019,23.505000000000003,9,5.179984179586172,Moyenne
Abidjan,Eucalyptus,46.53,395.02,3.57,2019,22.130000000000003,8,5.981464715029649,Élevée
Abidjan,Eucalyptus,399.68,395.02,3.57,2019,22.130000000000003,6,5.981464715029649,Élevée
Abidjan,Eucalyptus,57.94,395.02,3.57,2019,22.130000000000003,5,5.981464715029649,Élevée
Bas-Sassandra,Cacao,136.39,3.83,3.13,2019,21.37,1,1.5748464676644813,Faible
Bas-Sassandra,Cacao,292.38,3.83,3.13,2019,21.37,3,1.5748464676644813,Faible
Bas-Sassandra,Cacao,86.07,3.83,3.13,2019,21.37,5,1.5748464676644813,Faible
Bas-Sassandra,Cacao,254.2,3.83,3.13,2019,21.37,6,1.5748464676644813,Faible
Bas-Sassandra,Cacao,461.23,3.83,3.13,2019,21.37,9,1.5748464676644813,Faible
Bas-Sassandra,Cacao,35.39,3.83,3.13,2019,21.37,5,1.5748464676644813,Faible
Bas-Sassandra,Café,413.07,347.81,8.89,2019,24.66,8,5.854527361348627,Élevée
Bas-Sassandra,Café,86.65,347.81,8.89,2019,24.66,8,5.854527361348627,Élevée
Bas-Sassandra,Café,447.41,347.81,8.89,2019,24.66,7,5.854527361348627,Élevée
Bas-Sassandra,Café,277.89,347.81,8.89,2019,24.66,6,5.854527361348627,Élevée
Bas-Sassandra,Café,192.92,347.81,8.89,2019,24.66,8,5.854527361348627,Élevée
Bas-Sassandra,Café,390.01,347.81,8.89,2019,24.66,8,5.854527361348627,Élevée
Bas-Sassandra,Palmier à huile,411.36,150.69,3.99,2019,27.509999999999998,2,5.021838964603581,Moyenne
Bas-Sassandra,Palmier à huile,102.18,150.69,3.99,2019,27.509999999999998,10,5.021838964603581,Moyenne
Bas-Sassandra,Palmier à huile,475.8,150.69,3.99,2019,27.509999999999998,6,5.021838964603581,Moyenne
Bas-Sassandra,Palmier à huile,390.8,150.69,3.99,2019,27.509999999999998,11,5.021838964603581,Moyenne
Bas-Sassandra,Palmier à huile,486.17,150.69,3.99,2019,27.509999999999998,5,5.021838964603581,Moyenne
Bas-Sassandra,Palmier à huile,282.83,150.69,3.99,2019,27.509999999999998,10,5.021838964603581,Moyenne
Bas-Sassandra,Palmier à huile,72.26,150.69,3.99,2019,27.509999999999998,7,5.021838964603581,Moyenne
Bas-Sassandra,Hévéa,474.17,373.72,8.63,2019,22.805,2,5.926179080409352,Élevée
Bas-Sassandra,Hévéa,175.62,373.72,8.63,2019,22.805,3,5.926179080409352,Élevée
Bas-Sassandra,Hévéa,166.3,373.72,8.63,2019,22.805,2,5.926179080409352,Élevée
Bas-Sassandra,Hévéa,55.9,373.72,8.63,2019,22.805,12,5.926179080409352,Élevée
Bas-Sassandra,Hévéa,434.37,373.72,8.63,2019,22.805,3,5.926179080409352,Élevée
Bas-Sassandra,Hévéa,349.03,373.72,8.63,2019,22.805,10,5.926179080409352,Élevée
Bas-Sassandra,Hévéa,238.14,373.72,8.63,2019,22.805,11,5.926179080409352,Élevée
Bas-Sassandra,Hévéa,276.34,373.72,8.63,2019,22.805,1,5.926179080409352,Élevée
Bas-Sassandra,Hévéa,454.71,373.72,8.63,2019,22.805,4,5.926179080409352,Élevée
Bas-Sassandra,Anacardier,19.01,342.78,4.7,2019,23.655,6,5.840001917900011,Élevée
Bas-Sassandra,Anacardier,59.38,342.78,4.7,2019,23.655,12,5.840001917900011,Élevée
Bas-Sassandra,Anacardier,354.22,342.78,4.7,2019,23.655,3,5.840001917900011,Élevée
Bas-Sassandra,Anacardier,180.01,342.78,4.7,2019,23.655,7,5.840001917900011,Élevée
Bas-Sassandra,Anacardier,41.88,342.78,4.7,2019,23.655,7,5.840001917900011,Élevée
Bas-Sassandra,Anacardier,130.52,342.78,4.7,2019,23.655,9,5.840001917900011,Élevée
Bas-Sassandra,Anacardier,173.41,342.78,4.7,2019,23.655,6,5.840001917900011,Élevée
Bas-Sassandra,Anacardier,319.83,342.78,4.7,2019,23.655,5,5.840001917900011,Élevée
Bas-Sassandra,Mangue,280.5,230.18,6.45,2019,28.425,4,5.443196627866121,Moyenne
Bas-Sassandra,Mangue,492.36,230.18,6.45,2019,28.425,3,5.443196627866121,Moyenne
Bas-Sassandra,Mangue,387.77,230.18,6.45,2019,28.425,8,5.443196627866121,Moyenne
Bas-Sassandra,Mangue,194.37,230.18,6.45,2019,28.425,12,5.443196627866121,Moyenne
Bas-Sassandra,Mangue,456.35,230.18,6.45,2019,28.425,2,5.443196627866121,Moyenne
Bas-Sassandra,Goyave,79.02,387.67,5.01,2019,25.080000000000002,2,5.962730654534883,Élevée
Bas-Sassandra,Goyave,67.28,387.67,5.01,2019,25.080000000000002,2,5.962730654534883,Élevée
Bas-Sassandra,Goyave,133.38,387.67,5.01,2019,25.080000000000002,8,5.962730654534883,Élevée
Bas-Sassandra,Goyave,384.17,387.67,5.01,2019,25.080000000000002,10,5.962730654534883,Élevée
Bas-Sassandra,Goyave,256.08,387.67,5.01,2019,25.080000000000002,8,5.962730654534883,Élevée
Bas-Sassandra,Goyave,266.32,387.67,5.01,2019,25.080000000000002,3,5.962730654534883,Élevée
Bas-Sassandra,Goyave,78.28,387.67,5.01,2019,25.080000000000002,8,5.962730654534883,Élevée
Bas-Sassandra,Papaye,453.04,359.23,1.81,2019,25.66,4,5.886742716336424,Élevée
Bas-Sassandra,Papaye,486.78,359.23,1.81,2019,25.66,7,5.886742716336424,Élevée
Bas-Sassandra,Papaye,408.27,359.23,1.81,2019,25.66,7,5.886742716336424,Élevée
Bas-Sassandra,Papaye,72.74,359.23,1.81,2019,25.66,9,5.886742716336424,Élevée
Bas-Sassandra,Papaye,151.46,359.23,1.81,2019,25.66,10,5.886742716336424,Élevée
Bas-Sassandra,Papaye,82.07,359.23,1.81,2019,25.66,2,5.886742716336424,Élevée
Bas-Sassandra,Papaye,200.75,359.23,1.81,2019,25.66,2,5.886742716336424,Élevée
Bas-Sassandra,Papaye,13.41,359.23,1.81,2019,25.66,1,5.886742716336424,Élevée
Bas-Sassandra,Papaye,317.58,359.23,1.81,2019,25.66,5,5.886742716336424,Élevée
Bas-Sassandra,Cocotier,22.99,193.37,8.73,2019,25.715,2,5.269763559129975,Moyenne
Bas-Sassandra,Cocotier,155.59,193.37,8.73,2019,25.715,5,5.269763559129975,Moyenne
Bas-Sassandra,Cocotier,286.77,193.37,8.73,2019,25.715,4,5.269763559129975,Moyenne
Bas-Sassandra,Cocotier,439.83,193.37,8.73,2019,25.715,2,5.269763559129975,Moyenne
Bas-Sassandra,Teck,401.16,105.35,1.54,2019,24.85,5,4.666735541646246,Faible
Bas-Sassandra,Teck,16.42,105.35,1.54,2019,24.85,7,4.666735541646246,Faible
Bas-Sassandra,Teck,113.61,105.35,1.54,2019,24.85,7,4.666735541646246,Faible
Bas-Sassandra,Teck,62.87,105.35,1.54,2019,24.85,12,4.666735541646246,Faible
Bas-Sassandra,Teck,97.24,105.35,1.54,2019,24.85,6,4.666735541646246,Faible
Bas-Sassandra,Teck,204.67,105.35,1.54,2019,24.85,6,4.666735541646246,Faible
Bas-Sassandra,Teck,304.25,105.35,1.54,2019,24.85,12,4.666735541646246,Faible
Bas-Sassandra,Teck,356.36,105.35,1.54,2019,24.85,1,4.666735541646246,Faible
Bas-Sassandra,Acajou,457.49,173.05,1.04,2019,29.685000000000002,10,5.159342614257448,Moyenne
Bas-Sassandra,Iroko,430.62,482.56,8.56,2019,27.165,8,6.181175402333791,Élevée
Bas-Sassandra,Iroko,405.98,482.56,8.56,2019,27.165,9,6.181175402333791,Élevée
Bas-Sassandra,Iroko,67.59,482.56,8.56,2019,27.165,12,6.181175402333791,Élevée
Bas-Sassandra,Iroko,360.83,482.56,8.56,2019,27.165,4,6.181175402333791,Élevée
Bas-Sassandra,Iroko,394.74,482.56,8.56,2019,27.165,12,6.181175402333791,Élevée
Bas-Sassandra,Iroko,179.38,482.56,8.56,2019,27.165,3,6.181175402333791,Élevée
Bas-Sassandra,Samba,175.43,137.4,1.79,2019,27.295,10,4.93014804318357,Faible
Bas-Sassandra,Samba,348.56,137.4,1.79,2019,27.295,1,4.93014804318357,Faible
Bas-Sassandra,Samba,444.98,137.4,1.79,2019,27.295,4,4.93014804318357,Faible
Bas-Sassandra,Samba,233.27,137.4,1.79,2019,27.295,5,4.93014804318357,Faible
Bas-Sassandra,Samba,193.56,137.4,1.79,2019,27.295,3,4.93014804318357,Faible
Bas-Sassandra,Samba,465.39,137.4,1.79,2019,27.295,8,4.93014804318357,Faible
Bas-Sassandra,Samba,78.49,137.4,1.79,2019,27.295,10,4.93014804318357,Faible
Bas-Sassandra,Eucalyptus,174.25,484.44,1.75,2019,24.725,5,6.185055696160167,Élevée
Bas-Sassandra,Eucalyptus,54.88,484.44,1.75,2019,24.725,4,6.185055696160167,Élevée
Bas-Sassandra,Eucalyptus,409.14,484.44,1.75,2019,24.725,6,6.185055696160167,Élevée
Bas-Sassandra,Eucalyptus,32.16,484.44,1.75,2019,24.725,11,6.185055696160167,Élevée
Bas-Sassandra,Eucalyptus,365.72,484.44,1.75,2019,24.725,5,6.185055696160167,Élevée
Bas-Sassandra,Eucalyptus,151.98,484.44,1.75,2019,24.725,12,6.185055696160167,Élevée
Bas-Sassandra,Eucalyptus,149.05,484.44,1.75,2019,24.725,12,6.185055696160167,Élevée
Bas-Sassandra,Eucalyptus,378.66,484.44,1.75,2019,24.725,1,6.185055696160167,Élevée
Bas-Sassandra,Eucalyptus,134.77,484.44,1.75,2019,24.725,11,6.185055696160167,Élevée
Comoé,Café,128.61,132.66,7.32,2019,25.235,8,4.895299262082924,Faible
Comoé,Café,324.16,132.66,7.32,2019,25.235,10,4.895299262082924,Faible
Comoé,Café,451.57,132.66,7.32,2019,25.235,7,4.895299262082924,Faible
Comoé,Café,64.9,132.66,7.32,2019,25.235,8,4.895299262082924,Faible
Comoé,Café,177.12,132.66,7.32,2019,25.235,7,4.895299262082924,Faible
Comoé,Palmier à huile,72.51,218.74,10.0,2019,27.13,9,5.392445029272735,Moyenne
Comoé,Palmier à huile,324.79,218.74,10.0,2019,27.13,9,5.392445029272735,Moyenne
Comoé,Palmier à huile,377.8,218.74,10.0,2019,27.13,11,5.392445029272735,Moyenne
Comoé,Palmier à huile,481.6,218.74,10.0,2019,27.13,4,5.392445029272735,Moyenne
Comoé,Palmier à huile,449.64,218.74,10.0,2019,27.13,2,5.392445029272735,Moyenne
Comoé,Palmier à huile,123.78,218.74,10.0,2019,27.13,3,5.392445029272735,Moyenne
Comoé,Palmier à huile,333.5,218.74,10.0,2019,27.13,8,5.392445029272735,Moyenne
Comoé,Palmier à huile,45.65,218.74,10.0,2019,27.13,9,5.392445029272735,Moyenne
Comoé,Hévéa,429.68,433.52,4.52,2019,26.185,10,6.07424197356555,Élevée
Comoé,Hévéa,289.68,433.52,4.52,2019,26.185,5,6.07424197356555,Élevée
Comoé,Hévéa,42.58,433.52,4.52,2019,26.185,8,6.07424197356555,Élevée
Comoé,Anacardier,190.77,114.4,3.86,2019,22.560000000000002,12,4.748404354073999,Faible
Comoé,Anacardier,295.86,114.4,3.86,2019,22.560000000000002,1,4.748404354073999,Faible
Comoé,Anacardier,188.49,114.4,3.86,2019,22.560000000000002,2,4.748404354073999,Faible
Comoé,Anacardier,485.24,114.4,3.86,2019,22.560000000000002,8,4.748404354073999,Faible
Comoé,Anacardier,275.4,114.4,3.86,2019,22.560000000000002,3,4.748404354073999,Faible
Comoé,Mangue,78.03,403.72,9.45,2019,26.865000000000002,10,6.003195469983681,Élevée
Comoé,Goyave,107.84,467.22,3.29,2019,22.52,4,6.148938270932172,Élevée
Comoé,Goyave,121.69,467.22,3.29,2019,22.52,12,6.148938270932172,Élevée
Comoé,Goyave,198.7,467.22,3.29,2019,22.52,9,6.148938270932172,Élevée
Comoé,Goyave,300.28,467.22,3.29,2019,22.52,5,6.148938270932172,Élevée
Comoé,Papaye,202.62,116.8,7.8,2019,20.345,3,4.768988271217486,Faible
Comoé,Papaye,451.01,116.8,7.8,2019,20.345,12,4.768988271217486,Faible
Comoé,Papaye,362.33,116.8,7.8,2019,20.345,1,4.768988271217486,Faible
Comoé,Cocotier,363.91,142.42,6.8,2019,24.755,8,4.965777388454429,Faible
Comoé,Cocotier,57.86,142.42,6.8,2019,24.755,3,4.965777388454429,Faible
Comoé,Cocotier,432.27,142.42,6.8,2019,24.755,8,4.965777388454429,Faible
Comoé,Cocotier,191.38,142.42,6.8,2019,24.755,11,4.965777388454429,Faible
Comoé,Teck,216.5,150.69,4.61,2019,27.509999999999998,4,5.021838964603581,Moyenne
Comoé,Teck,387.92,150.69,4.61,2019,27.509999999999998,9,5.021838964603581,Moyenne
Comoé,Teck,405.35,150.69,4.61,2019,27.509999999999998,5,5.021838964603581,Moyenne
Comoé,Teck,416.08,150.69,4.61,2019,27.509999999999998,12,5.021838964603581,Moyenne
Comoé,Acajou,281.55,359.52,5.11,2019,25.735,11,5.8875474336882085,Élevée
Comoé,Acajou,480.98,359.52,5.11,2019,25.735,3,5.8875474336882085,Élevée
Comoé,Acajou,64.49,359.52,5.11,2019,25.735,6,5.8875474336882085,Élevée
Comoé,Acajou,214.53,359.52,5.11,2019,25.735,5,5.8875474336882085,Élevée
Comoé,Acajou,115.75,359.52,5.11,2019,25.735,4,5.8875474336882085,Élevée
Comoé,Acajou,122.03,359.52,5.11,2019,25.735,8,5.8875474336882085,Élevée
Comoé,Acajou,162.74,359.52,5.11,2019,25.735,5,5.8875474336882085,Élevée
Comoé,Iroko,122.11,485.53,3.14,2019,28.275,9,6.187298564678606,Élevée
Comoé,Iroko,444.67,485.53,3.14,2019,28.275,2,6.187298564678606,Élevée
Comoé,Iroko,297.55,485.53,3.14,2019,28.275,5,6.187298564678606,Élevée
Comoé,Iroko,305.54,485.53,3.14,2019,28.275,11,6.187298564678606,Élevée
Comoé,Iroko,258.73,485.53,3.14,2019,28.275,4,6.187298564678606,Élevée
Comoé,Iroko,322.34,485.53,3.14,2019,28.275,5,6.187298564678606,Élevée
Comoé,Iroko,98.8,485.53,3.14,2019,28.275,12,6.187298564678606,Élevée
Comoé,Samba,272.53,114.12,5.21,2019,24.865,3,4.745975062579112,Faible
Comoé,Samba,300.86,114.12,5.21,2019,24.865,7,4.745975062579112,Faible
Comoé,Samba,94.12,114.12,5.21,2019,24.865,7,4.745975062579112,Faible
Comoé,Samba,493.45,114.12,5.21,2019,24.865,11,4.745975062579112,Faible
Comoé,Eucalyptus,21.01,464.69,8.19,2019,27.07,12,6.1435201767064616,Élevée
Comoé,Eucalyptus,189.52,464.69,8.19,2019,27.07,11,6.1435201767064616,Élevée
Comoé,Eucalyptus,451.2,464.69,8.19,2019,27.07,3,6.1435201767064616,Élevée
Comoé,Eucalyptus,199.5,464.69,8.19,2019,27.07,1,6.1435201767064616,Élevée
Comoé,Eucalyptus,312.94,464.69,8.19,2019,27.07,10,6.1435201767064616,Élevée
Denguélé,Cacao,60.53,353.12,6.84,2019,21.04,2,5.869635838742848,Élevée
Denguélé,Cacao,328.11,353.12,6.84,2019,21.04,1,5.869635838742848,Élevée
Denguélé,Cacao,154.29,353.12,6.84,2019,21.04,2,5.869635838742848,Élevée
Denguélé,Cacao,26.43,353.12,6.84,2019,21.04,4,5.869635838742848,Élevée
Denguélé,Cacao,460.73,353.12,6.84,2019,21.04,12,5.869635838742848,Élevée
Denguélé,Cacao,342.76,353.12,6.84,2019,21.04,8,5.869635838742848,Élevée
Denguélé,Café,15.39,355.12,7.23,2019,25.105,6,5.87526775270547,Élevée
Denguélé,Café,458.27,355.12,7.23,2019,25.105,8,5.87526775270547,Élevée
Denguélé,Café,301.59,355.12,7.23,2019,25.105,1,5.87526775270547,Élevée
Denguélé,Café,452.25,355.12,7.23,2019,25.105,3,5.87526775270547,Élevée
Denguélé,Café,463.1,355.12,7.23,2019,25.105,3,5.87526775270547,Élevée
Denguélé,Palmier à huile,315.83,6.55,2.29,2019,24.655,4,2.0215475632609334,Faible
Denguélé,Palmier à huile,381.34,6.55,2.29,2019,24.655,4,2.0215475632609334,Faible
Denguélé,Palmier à huile,212.18,6.55,2.29,2019,24.655,5,2.0215475632609334,Faible
Denguélé,Palmier à huile,71.08,6.55,2.29,2019,24.655,6,2.0215475632609334,Faible
Denguélé,Palmier à huile,231.7,6.55,2.29,2019,24.655,12,2.0215475632609334,Faible
Denguélé,Palmier à huile,403.8,6.55,2.29,2019,24.655,7,2.0215475632609334,Faible
Denguélé,Palmier à huile,458.06,6.55,2.29,2019,24.655,7,2.0215475632609334,Faible
Denguélé,Hévéa,141.65,226.16,1.66,2019,27.17,1,5.425654615009232,Moyenne
Denguélé,Hévéa,263.98,226.16,1.66,2019,27.17,9,5.425654615009232,Moyenne
Denguélé,Hévéa,288.47,226.16,1.66,2019,27.17,2,5.425654615009232,Moyenne
Denguélé,Hévéa,416.57,226.16,1.66,2019,27.17,9,5.425654615009232,Moyenne
Denguélé,Hévéa,50.92,226.16,1.66,2019,27.17,8,5.425654615009232,Moyenne
Denguélé,Hévéa,321.2,226.16,1.66,2019,27.17,12,5.425654615009232,Moyenne
Denguélé,Anacardier,147.58,181.54,5.96,2019,27.51,5,5.206969327088731,Moyenne
Denguélé,Anacardier,387.05,181.54,5.96,2019,27.51,8,5.206969327088731,Moyenne
Denguélé,Mangue,467.84,185.08,1.12,2019,27.035,5,5.226176688770354,Moyenne
Denguélé,Mangue,150.41,185.08,1.12,2019,27.035,8,5.226176688770354,Moyenne
Denguélé,Mangue,235.78,185.08,1.12,2019,27.035,6,5.226176688770354,Moyenne
Denguélé,Mangue,406.11,185.08,1.12,2019,27.035,8,5.226176688770354,Moyenne
Denguélé,Mangue,77.39,185.08,1.12,2019,27.035,9,5.226176688770354,Moyenne
Denguélé,Goyave,364.0,309.11,4.03,2019,21.135,1,5.736927073248503,Élevée
Denguélé,Goyave,170.47,309.11,4.03,2019,21.135,12,5.736927073248503,Élevée
Denguélé,Goyave,284.22,309.11,4.03,2019,21.135,12,5.736927073248503,Élevée
Denguélé,Goyave,183.14,309.11,4.03,2019,21.135,7,5.736927073248503,Élevée
Denguélé,Goyave,167.95,309.11,4.03,2019,21.135,7,5.736927073248503,Élevée
Denguélé,Papaye,18.93,247.21,7.88,2019,24.41,9,5.514275162047522,Moyenne
Denguélé,Papaye,194.47,247.21,7.88,2019,24.41,7,5.514275162047522,Moyenne
Denguélé,Cocotier,374.53,70.46,4.15,2019,24.57,4,4.2691378525952635,Faible
Denguélé,Cocotier,335.12,70.46,4.15,2019,24.57,2,4.2691378525952635,Faible
Denguélé,Cocotier,400.67,70.46,4.15,2019,24.57,10,4.2691378525952635,Faible
Denguélé,Cocotier,473.6,70.46,4.15,2019,24.57,9,4.2691378525952635,Faible
Denguélé,Cocotier,251.39,70.46,4.15,2019,24.57,5,4.2691378525952635,Faible
Denguélé,Cocotier,191.53,70.46,4.15,2019,24.57,6,4.2691378525952635,Faible
Denguélé,Cocotier,387.75,70.46,4.15,2019,24.57,12,4.2691378525952635,Faible
Denguélé,Cocotier,147.17,70.46,4.15,2019,24.57,11,4.2691378525952635,Faible
Denguélé,Teck,55.62,477.03,3.6,2019,24.744999999999997,2,6.169673492028311,Élevée
Denguélé,Teck,142.66,477.03,3.6,2019,24.744999999999997,12,6.169673492028311,Élevée
Denguélé,Teck,130.74,477.03,3.6,2019,24.744999999999997,5,6.169673492028311,Élevée
Denguélé,Teck,46.28,477.03,3.6,2019,24.744999999999997,2,6.169673492028311,Élevée
Denguélé,Teck,27.97,477.03,3.6,2019,24.744999999999997,8,6.169673492028311,Élevée
Denguélé,Acajou,270.97,49.72,2.07,2019,26.63,10,3.9263203101289705,Faible
Denguélé,Iroko,317.5,329.39,5.23,2019,29.830000000000002,4,5.800273774844962,Élevée
Denguélé,Iroko,149.7,329.39,5.23,2019,29.830000000000002,8,5.800273774844962,Élevée
Denguélé,Iroko,248.84,329.39,5.23,2019,29.830000000000002,6,5.800273774844962,Élevée
Denguélé,Iroko,312.88,329.39,5.23,2019,29.830000000000002,10,5.800273774844962,Élevée
Denguélé,Samba,409.58,226.22,8.8,2019,22.03,9,5.425918711141758,Moyenne
Denguélé,Samba,99.12,226.22,8.8,2019,22.03,3,5.425918711141758,Moyenne
Denguélé,Samba,382.51,226.22,8.8,2019,22.03,10,5.425918711141758,Moyenne
Denguélé,Samba,313.86,226.22,8.8,2019,22.03,1,5.425918711141758,Moyenne
Denguélé,Samba,197.74,226.22,8.8,2019,22.03,6,5.425918711141758,Moyenne
Denguélé,Samba,352.1,226.22,8.8,2019,22.03,6,5.425918711141758,Moyenne
Denguélé,Samba,56.05,226.22,8.8,2019,22.03,8,5.425918711141758,Moyenne
Denguélé,Samba,407.17,226.22,8.8,2019,22.03,1,5.425918711141758,Moyenne
Denguélé,Samba,455.05,226.22,8.8,2019,22.03,9,5.425918711141758,Moyenne
Denguélé,Samba,433.71,226.22,8.8,2019,22.03,9,5.425918711141758,Moyenne
Denguélé,Samba,439.96,226.22,8.8,2019,22.03,4,5.425918711141758,Moyenne
Denguélé,Eucalyptus,299.51,368.79,7.99,2019,22.025,12,5.91293527694326,Élevée
Denguélé,Eucalyptus,119.89,368.79,7.99,2019,22.025,2,5.91293527694326,Élevée
Denguélé,Eucalyptus,37.59,368.79,7.99,2019,22.025,3,5.91293527694326,Élevée
Denguélé,Eucalyptus,90.49,368.79,7.99,2019,22.025,5,5.91293527694326,Élevée
Denguélé,Eucalyptus,251.14,368.79,7.99,2019,22.025,6,5.91293527694326,Élevée
Denguélé,Eucalyptus,242.35,368.79,7.99,2019,22.025,8,5.91293527694326,Élevée
Denguélé,Eucalyptus,295.69,368.79,7.99,2019,22.025,7,5.91293527694326,Élevée
Gôh-Djiboua,Cacao,465.55,89.27,8.1,2019,25.05,11,4.502805179310063,Faible
Gôh-Djiboua,Cacao,205.1,89.27,8.1,2019,25.05,3,4.502805179310063,Faible
Gôh-Djiboua,Cacao,73.29,89.27,8.1,2019,25.05,5,4.502805179310063,Faible
Gôh-Djiboua,Cacao,143.97,89.27,8.1,2019,25.05,11,4.502805179310063,Faible
Gôh-Djiboua,Café,95.44,167.45,6.99,2019,26.65,4,5.126638969852562,Moyenne
Gôh-Djiboua,Café,482.17,167.45,6.99,2019,26.65,4,5.126638969852562,Moyenne
Gôh-Djiboua,Palmier à huile,193.69,318.2,1.09,2019,22.185,2,5.765817865575654,Élevée
Gôh-Djiboua,Palmier à huile,332.76,318.2,1.09,2019,22.185,5,5.765817865575654,Élevée
Gôh-Djiboua,Palmier à huile,27.91,318.2,1.09,2019,22.185,10,5.765817865575654,Élevée
Gôh-Djiboua,Palmier à huile,225.67,318.2,1.09,2019,22.185,10,5.765817865575654,Élevée
Gôh-Djiboua,Palmier à huile,268.57,318.2,1.09,2019,22.185,4,5.765817865575654,Élevée
Gôh-Djiboua,Palmier à huile,96.95,318.2,1.09,2019,22.185,7,5.765817865575654,Élevée
Gôh-Djiboua,Palmier à huile,354.79,318.2,1.09,2019,22.185,8,5.765817865575654,Élevée
Gôh-Djiboua,Palmier à huile,26.85,318.2,1.09,2019,22.185,9,5.765817865575654,Élevée
Gôh-Djiboua,Palmier à huile,204.95,318.2,1.09,2019,22.185,2,5.765817865575654,Élevée
Gôh-Djiboua,Palmier à huile,253.22,318.2,1.09,2019,22.185,4,5.765817865575654,Élevée
Gôh-Djiboua,Palmier à huile,307.03,318.2,1.09,2019,22.185,6,5.765817865575654,Élevée
Gôh-Djiboua,Hévéa,492.97,28.54,3.75,2019,29.68,2,3.3857452771032337,Faible
Gôh-Djiboua,Hévéa,351.03,28.54,3.75,2019,29.68,6,3.3857452771032337,Faible
Gôh-Djiboua,Hévéa,475.4,28.54,3.75,2019,29.68,12,3.3857452771032337,Faible
Gôh-Djiboua,Hévéa,110.44,28.54,3.75,2019,29.68,2,3.3857452771032337,Faible
Gôh-Djiboua,Hévéa,236.71,28.54,3.75,2019,29.68,12,3.3857452771032337,Faible
Gôh-Djiboua,Hévéa,292.49,28.54,3.75,2019,29.68,11,3.3857452771032337,Faible
Gôh-Djiboua,Hévéa,84.9,28.54,3.75,2019,29.68,12,3.3857452771032337,Faible
Gôh-Djiboua,Hévéa,165.82,28.54,3.75,2019,29.68,9,3.3857452771032337,Faible
Gôh-Djiboua,Hévéa,186.88,28.54,3.75,2019,29.68,5,3.3857452771032337,Faible
Gôh-Djiboua,Hévéa,186.15,28.54,3.75,2019,29.68,9,3.3857452771032337,Faible
Gôh-Djiboua,Anacardier,108.8,417.65,3.7,2019,23.005000000000003,1,6.037035248650441,Élevée
Gôh-Djiboua,Anacardier,179.71,417.65,3.7,2019,23.005000000000003,6,6.037035248650441,Élevée
Gôh-Djiboua,Anacardier,181.95,417.65,3.7,2019,23.005000000000003,10,6.037035248650441,Élevée
Gôh-Djiboua,Anacardier,344.67,417.65,3.7,2019,23.005000000000003,11,6.037035248650441,Élevée
Gôh-Djiboua,Anacardier,448.81,417.65,3.7,2019,23.005000000000003,8,6.037035248650441,Élevée
Gôh-Djiboua,Anacardier,429.18,417.65,3.7,2019,23.005000000000003,6,6.037035248650441,Élevée
Gôh-Djiboua,Mangue,200.2,147.31,4.94,2019,25.605,1,4.999304677753871,Faible
Gôh-Djiboua,Mangue,128.51,147.31,4.94,2019,25.605,1,4.999304677753871,Faible
Gôh-Djiboua,Mangue,42.87,147.31,4.94,2019,25.605,5,4.999304677753871,Faible
Gôh-Djiboua,Mangue,200.71,147.31,4.94,2019,25.605,7,4.999304677753871,Faible
Gôh-Djiboua,Mangue,320.37,147.31,4.94,2019,25.605,5,4.999304677753871,Faible
Gôh-Djiboua,Mangue,308.69,147.31,4.94,2019,25.605,6,4.999304677753871,Faible
Gôh-Djiboua,Mangue,136.36,147.31,4.94,2019,25.605,11,4.999304677753871,Faible
Gôh-Djiboua,Goyave,184.49,398.71,9.81,2019,29.669999999999998,7,5.990739284168387,Élevée
Gôh-Djiboua,Goyave,252.27,398.71,9.81,2019,29.669999999999998,7,5.990739284168387,Élevée
Gôh-Djiboua,Goyave,307.29,398.71,9.81,2019,29.669999999999998,11,5.990739284168387,Élevée
Gôh-Djiboua,Goyave,68.73,398.71,9.81,2019,29.669999999999998,5,5.990739284168387,Élevée
Gôh-Djiboua,Goyave,316.67,398.71,9.81,2019,29.669999999999998,1,5.990739284168387,Élevée
Gôh-Djiboua,Goyave,387.3,398.71,9.81,2019,29.669999999999998,10,5.990739284168387,Élevée
Gôh-Djiboua,Papaye,100.42,485.77,6.98,2019,25.269999999999996,1,6.187791732262833,Élevée
Gôh-Djiboua,Cocotier,350.03,238.03,8.14,2019,30.345,6,5.476589067066709,Moyenne
Gôh-Djiboua,Cocotier,111.86,238.03,8.14,2019,30.345,8,5.476589067066709,Moyenne
Gôh-Djiboua,Cocotier,159.26,238.03,8.14,2019,30.345,10,5.476589067066709,Moyenne
Gôh-Djiboua,Cocotier,51.57,238.03,8.14,2019,30.345,11,5.476589067066709,Moyenne
Gôh-Djiboua,Cocotier,12.48,238.03,8.14,2019,30.345,6,5.476589067066709,Moyenne
Gôh-Djiboua,Cocotier,18.13,238.03,8.14,2019,30.345,8,5.476589067066709,Moyenne
Gôh-Djiboua,Teck,477.43,64.02,4.36,2019,21.799999999999997,3,4.174694914875759,Faible
Gôh-Djiboua,Teck,185.5,64.02,4.36,2019,21.799999999999997,6,4.174694914875759,Faible
Gôh-Djiboua,Teck,98.9,64.02,4.36,2019,21.799999999999997,11,4.174694914875759,Faible
Gôh-Djiboua,Teck,261.85,64.02,4.36,2019,21.799999999999997,7,4.174694914875759,Faible
Gôh-Djiboua,Teck,230.77,64.02,4.36,2019,21.799999999999997,10,4.174694914875759,Faible
Gôh-Djiboua,Teck,464.88,64.02,4.36,2019,21.799999999999997,10,4.174694914875759,Faible
Gôh-Djiboua,Teck,219.81,64.02,4.36,2019,21.799999999999997,11,4.174694914875759,Faible
Gôh-Djiboua,Acajou,484.96,318.78,8.64,2019,27.975,5,5.767633259357274,Élevée
Gôh-Djiboua,Acajou,210.61,318.78,8.64,2019,27.975,5,5.767633259357274,Élevée
Gôh-Djiboua,Iroko,459.48,65.36,6.36,2019,27.810000000000002,6,4.195094465322244,Faible
Gôh-Djiboua,Iroko,386.8,65.36,6.36,2019,27.810000000000002,12,4.195094465322244,Faible
Gôh-Djiboua,Iroko,49.86,65.36,6.36,2019,27.810000000000002,5,4.195094465322244,Faible
Gôh-Djiboua,Samba,454.17,261.37,4.52,2019,22.33,4,5.569755721265552,Moyenne
Gôh-Djiboua,Samba,32.27,261.37,4.52,2019,22.33,3,5.569755721265552,Moyenne
Gôh-Djiboua,Samba,265.9,261.37,4.52,2019,22.33,1,5.569755721265552,Moyenne
Gôh-Djiboua,Samba,289.25,261.37,4.52,2019,22.33,12,5.569755721265552,Moyenne
Gôh-Djiboua,Eucalyptus,329.46,157.18,3.07,2019,29.35,2,5.063733625091271,Moyenne
Gôh-Djiboua,Eucalyptus,351.05,157.18,3.07,2019,29.35,12,5.063733625091271,Moyenne
Gôh-Djiboua,Eucalyptus,482.86,157.18,3.07,2019,29.35,9,5.063733625091271,Moyenne
Gôh-Djiboua,Eucalyptus,408.32,157.18,3.07,2019,29.35,3,5.063733625091271,Moyenne
Gôh-Djiboua,Eucalyptus,223.7,157.18,3.07,2019,29.35,6,5.063733625091271,Moyenne
Gôh-Djiboua,Eucalyptus,312.93,157.18,3.07,2019,29.35,9,5.063733625091271,Moyenne
Gôh-Djiboua,Eucalyptus,89.0,157.18,3.07,2019,29.35,10,5.063733625091271,Moyenne
Gôh-Djiboua,Eucalyptus,429.29,157.18,3.07,2019,29.35,2,5.063733625091271,Moyenne
Gôh-Djiboua,Eucalyptus,376.26,157.18,3.07,2019,29.35,3,5.063733625091271,Moyenne
Lacs,Cacao,153.15,247.57,3.39,2019,26.85,4,5.51572449601031,Moyenne
Lacs,Cacao,199.19,247.57,3.39,2019,26.85,9,5.51572449601031,Moyenne
Lacs,Cacao,127.39,247.57,3.39,2019,26.85,11,5.51572449601031,Moyenne
Lacs,Cacao,224.36,247.57,3.39,2019,26.85,6,5.51572449601031,Moyenne
Lacs,Cacao,302.73,247.57,3.39,2019,26.85,10,5.51572449601031,Moyenne
Lacs,Cacao,17.13,247.57,3.39,2019,26.85,9,5.51572449601031,Moyenne
Lacs,Café,495.13,284.94,8.44,2019,30.384999999999998,4,5.655781998601018,Moyenne
Lacs,Café,236.64,284.94,8.44,2019,30.384999999999998,8,5.655781998601018,Moyenne
Lacs,Café,32.54,284.94,8.44,2019,30.384999999999998,9,5.655781998601018,Moyenne
Lacs,Café,447.35,284.94,8.44,2019,30.384999999999998,9,5.655781998601018,Moyenne
Lacs,Palmier à huile,470.52,261.37,6.31,2019,22.33,11,5.569755721265552,Moyenne
Lacs,Palmier à huile,153.67,261.37,6.31,2019,22.33,9,5.569755721265552,Moyenne
Lacs,Palmier à huile,266.95,261.37,6.31,2019,22.33,9,5.569755721265552,Moyenne
Lacs,Palmier à huile,270.98,261.37,6.31,2019,22.33,5,5.569755721265552,Moyenne
Lacs,Palmier à huile,32.2,261.37,6.31,2019,22.33,11,5.569755721265552,Moyenne
Lacs,Hévéa,475.7,247.57,5.44,2019,26.85,3,5.51572449601031,Moyenne
Lacs,Hévéa,78.24,247.57,5.44,2019,26.85,3,5.51572449601031,Moyenne
Lacs,Hévéa,94.95,247.57,5.44,2019,26.85,4,5.51572449601031,Moyenne
Lacs,Hévéa,318.41,247.57,5.44,2019,26.85,10,5.51572449601031,Moyenne
Lacs,Hévéa,133.69,247.57,5.44,2019,26.85,1,5.51572449601031,Moyenne
Lacs,Hévéa,332.87,247.57,5.44,2019,26.85,7,5.51572449601031,Moyenne
Lacs,Anacardier,22.44,307.99,2.21,2019,23.604999999999997,1,5.733308913914523,Élevée
Lacs,Anacardier,320.22,307.99,2.21,2019,23.604999999999997,2,5.733308913914523,Élevée
Lacs,Anacardier,231.59,307.99,2.21,2019,23.604999999999997,7,5.733308913914523,Élevée
Lacs,Anacardier,95.93,307.99,2.21,2019,23.604999999999997,9,5.733308913914523,Élevée
Lacs,Mangue,446.66,491.19,9.97,2019,23.545,9,6.198864820806232,Élevée
Lacs,Mangue,21.4,491.19,9.97,2019,23.545,9,6.198864820806232,Élevée
Lacs,Mangue,414.96,491.19,9.97,2019,23.545,10,6.198864820806232,Élevée
Lacs,Mangue,315.42,491.19,9.97,2019,23.545,1,6.198864820806232,Élevée
Lacs,Mangue,285.03,491.19,9.97,2019,23.545,12,6.198864820806232,Élevée
Lacs,Goyave,485.04,288.6,7.42,2019,21.145,3,5.668500660511562,Moyenne
Lacs,Goyave,278.88,288.6,7.42,2019,21.145,8,5.668500660511562,Moyenne
Lacs,Goyave,171.09,288.6,7.42,2019,21.145,2,5.668500660511562,Moyenne
Lacs,Papaye,166.82,149.36,1.19,2019,26.65,5,5.013032418695977,Faible
Lacs,Papaye,39.93,149.36,1.19,2019,26.65,6,5.013032418695977,Faible
Lacs,Papaye,120.06,149.36,1.19,2019,26.65,5,5.013032418695977,Faible
Lacs,Papaye,79.05,149.36,1.19,2019,26.65,1,5.013032418695977,Faible
Lacs,Papaye,450.05,149.36,1.19,2019,26.65,3,5.013032418695977,Faible
Lacs,Cocotier,112.58,120.93,3.66,2019,27.195,2,4.803447109572174,Faible
Lacs,Cocotier,32.76,120.93,3.66,2019,27.195,6,4.803447109572174,Faible
Lacs,Cocotier,309.61,120.93,3.66,2019,27.195,4,4.803447109572174,Faible
Lacs,Cocotier,306.83,120.93,3.66,2019,27.195,10,4.803447109572174,Faible
Lacs,Teck,90.19,5.5,6.23,2019,27.435000000000002,10,1.8718021769015913,Faible
Lacs,Teck,51.82,5.5,6.23,2019,27.435000000000002,11,1.8718021769015913,Faible
Lacs,Acajou,419.3,301.75,9.26,2019,26.65,12,5.712907382433202,Élevée
Lacs,Acajou,25.28,301.75,9.26,2019,26.65,4,5.712907382433202,Élevée
Lacs,Acajou,150.0,301.75,9.26,2019,26.65,10,5.712907382433202,Élevée
Lacs,Acajou,23.0,301.75,9.26,2019,26.65,2,5.712907382433202,Élevée
Lacs,Iroko,401.71,243.72,3.93,2019,30.475,9,5.500114699842648,Moyenne
Lacs,Iroko,371.64,243.72,3.93,2019,30.475,11,5.500114699842648,Moyenne
Lacs,Iroko,267.01,243.72,3.93,2019,30.475,5,5.500114699842648,Moyenne
Lacs,Iroko,88.73,243.72,3.93,2019,30.475,10,5.500114699842648,Moyenne
Lacs,Iroko,129.15,243.72,3.93,2019,30.475,11,5.500114699842648,Moyenne
Lacs,Samba,435.61,107.91,4.26,2019,23.755000000000003,5,4.690521853087595,Faible
Lacs,Samba,274.28,107.91,4.26,2019,23.755000000000003,9,4.690521853087595,Faible
Lacs,Samba,107.37,107.91,4.26,2019,23.755000000000003,12,4.690521853087595,Faible
Lacs,Samba,101.42,107.91,4.26,2019,23.755000000000003,2,4.690521853087595,Faible
Lacs,Eucalyptus,471.32,252.6,8.44,2019,27.97,10,5.535758222563071,Moyenne
Lacs,Eucalyptus,315.22,252.6,8.44,2019,27.97,12,5.535758222563071,Moyenne
Lacs,Eucalyptus,264.88,252.6,8.44,2019,27.97,9,5.535758222563071,Moyenne
Lagunes,Cacao,52.59,445.07,3.71,2019,24.005,6,6.100475890377242,Élevée
Lagunes,Cacao,148.11,445.07,3.71,2019,24.005,12,6.100475890377242,Élevée
Lagunes,Cacao,436.25,445.07,3.71,2019,24.005,10,6.100475890377242,Élevée
Lagunes,Cacao,383.6,445.07,3.71,2019,24.005,10,6.100475890377242,Élevée
Lagunes,Cacao,59.72,445.07,3.71,2019,24.005,4,6.100475890377242,Élevée
Lagunes,Cacao,53.46,445.07,3.71,2019,24.005,9,6.100475890377242,Élevée
Lagunes,Cacao,174.94,445.07,3.71,2019,24.005,5,6.100475890377242,Élevée
Lagunes,Café,474.74,113.01,3.13,2019,30.54,4,4.736286163845628,Faible
Lagunes,Café,359.54,113.01,3.13,2019,30.54,6,4.736286163845628,Faible
Lagunes,Café,405.04,113.01,3.13,2019,30.54,1,4.736286163845628,Faible
Lagunes,Café,339.23,113.01,3.13,2019,30.54,6,4.736286163845628,Faible
Lagunes,Café,446.1,113.01,3.13,2019,30.54,7,4.736286163845628,Faible
Lagunes,Café,184.81,113.01,3.13,2019,30.54,11,4.736286163845628,Faible
Lagunes,Palmier à huile,211.09,311.65,5.19,2019,22.13,12,5.745084354013307,Élevée
Lagunes,Palmier à huile,275.93,311.65,5.19,2019,22.13,7,5.745084354013307,Élevée
Lagunes,Palmier à huile,401.93,311.65,5.19,2019,22.13,9,5.745084354013307,Élevée
Lagunes,Palmier à huile,424.76,311.65,5.19,2019,22.13,1,5.745084354013307,Élevée
Lagunes,Palmier à huile,25.4,311.65,5.19,2019,22.13,1,5.745084354013307,Élevée
Lagunes,Palmier à huile,388.44,311.65,5.19,2019,22.13,4,5.745084354013307,Élevée
Lagunes,Palmier à huile,410.37,311.65,5.19,2019,22.13,4,5.745084354013307,Élevée
Lagunes,Palmier à huile,161.67,311.65,5.19,2019,22.13,6,5.745084354013307,Élevée
Lagunes,Palmier à huile,321.84,311.65,5.19,2019,22.13,7,5.745084354013307,Élevée
Lagunes,Hévéa,399.07,435.48,1.28,2019,29.585,10,6.078742555215043,Élevée
Lagunes,Hévéa,256.67,435.48,1.28,2019,29.585,9,6.078742555215043,Élevée
Lagunes,Hévéa,419.63,435.48,1.28,2019,29.585,7,6.078742555215043,Élevée
Lagunes,Anacardier,185.65,325.49,7.05,2019,23.189999999999998,4,5.78839932037608,Élevée
Lagunes,Anacardier,204.62,325.49,7.05,2019,23.189999999999998,10,5.78839932037608,Élevée
Lagunes,Anacardier,256.29,325.49,7.05,2019,23.189999999999998,8,5.78839932037608,Élevée
Lagunes,Anacardier,56.28,325.49,7.05,2019,23.189999999999998,12,5.78839932037608,Élevée
Lagunes,Mangue,493.77,290.04,3.35,2019,28.275000000000002,1,5.673460714769813,Moyenne
Lagunes,Mangue,89.84,290.04,3.35,2019,28.275000000000002,2,5.673460714769813,Moyenne
Lagunes,Mangue,221.65,290.04,3.35,2019,28.275000000000002,11,5.673460714769813,Moyenne
Lagunes,Goyave,339.13,459.04,9.71,2019,27.840000000000003,8,6.13131344222438,Élevée
Lagunes,Goyave,169.34,459.04,9.71,2019,27.840000000000003,10,6.13131344222438,Élevée
Lagunes,Papaye,169.45,266.31,6.02,2019,23.23,1,5.588409033593616,Moyenne
Lagunes,Papaye,401.71,266.31,6.02,2019,23.23,1,5.588409033593616,Moyenne
Lagunes,Papaye,94.91,266.31,6.02,2019,23.23,12,5.588409033593616,Moyenne
Lagunes,Papaye,437.34,266.31,6.02,2019,23.23,3,5.588409033593616,Moyenne
Lagunes,Papaye,202.3,266.31,6.02,2019,23.23,7,5.588409033593616,Moyenne
Lagunes,Papaye,291.98,266.31,6.02,2019,23.23,12,5.588409033593616,Moyenne
Lagunes,Papaye,448.33,266.31,6.02,2019,23.23,3,5.588409033593616,Moyenne
Lagunes,Cocotier,469.05,167.6,9.66,2019,24.05,2,5.127529045567755,Moyenne
Lagunes,Cocotier,221.51,167.6,9.66,2019,24.05,3,5.127529045567755,Moyenne
Lagunes,Cocotier,147.19,167.6,9.66,2019,24.05,11,5.127529045567755,Moyenne
Lagunes,Teck,157.43,301.72,4.44,2019,27.985,7,5.712808285863513,Élevée
Lagunes,Teck,210.39,301.72,4.44,2019,27.985,11,5.712808285863513,Élevée
Lagunes,Teck,351.36,301.72,4.44,2019,27.985,4,5.712808285863513,Élevée
Lagunes,Teck,35.22,301.72,4.44,2019,27.985,4,5.712808285863513,Élevée
Lagunes,Teck,329.2,301.72,4.44,2019,27.985,10,5.712808285863513,Élevée
Lagunes,Acajou,84.74,317.29,7.0,2019,26.96,3,5.762962916892232,Élevée
Lagunes,Acajou,438.05,317.29,7.0,2019,26.96,10,5.762962916892232,Élevée
Lagunes,Iroko,233.47,190.26,2.25,2019,26.71,1,5.253633758921397,Moyenne
Lagunes,Iroko,470.82,190.26,2.25,2019,26.71,9,5.253633758921397,Moyenne
Lagunes,Iroko,50.57,190.26,2.25,2019,26.71,3,5.253633758921397,Moyenne
Lagunes,Iroko,256.31,190.26,2.25,2019,26.71,1,5.253633758921397,Moyenne
Lagunes,Iroko,326.28,190.26,2.25,2019,26.71,12,5.253633758921397,Moyenne
Lagunes,Samba,72.47,311.95,4.31,2019,25.83,6,5.74604343337071,Élevée
Lagunes,Samba,380.02,311.95,4.31,2019,25.83,8,5.74604343337071,Élevée
Lagunes,Samba,111.15,311.95,4.31,2019,25.83,6,5.74604343337071,Élevée
Lagunes,Samba,311.77,311.95,4.31,2019,25.83,7,5.74604343337071,Élevée
Lagunes,Eucalyptus,427.97,311.04,8.81,2019,31.43,5,5.743131384720113,Élevée
Lagunes,Eucalyptus,142.96,311.04,8.81,2019,31.43,9,5.743131384720113,Élevée
Lagunes,Eucalyptus,241.31,311.04,8.81,2019,31.43,2,5.743131384720113,Élevée
Lagunes,Eucalyptus,165.29,311.04,8.81,2019,31.43,5,5.743131384720113,Élevée
Lagunes,Eucalyptus,22.46,311.04,8.81,2019,31.43,6,5.743131384720113,Élevée
Lagunes,Eucalyptus,77.07,311.04,8.81,2019,31.43,9,5.743131384720113,Élevée
Montagnes,Cacao,43.99,364.11,2.09,2019,26.58,9,5.90019867804273,Élevée
Montagnes,Cacao,193.39,364.11,2.09,2019,26.58,10,5.90019867804273,Élevée
Montagnes,Cacao,89.2,364.11,2.09,2019,26.58,11,5.90019867804273,Élevée
Montagnes,Cacao,468.72,364.11,2.09,2019,26.58,2,5.90019867804273,Élevée
Montagnes,Cacao,184.43,364.11,2.09,2019,26.58,11,5.90019867804273,Élevée
Montagnes,Café,96.78,216.41,3.96,2019,21.465,5,5.381784971789299,Moyenne
Montagnes,Café,382.78,216.41,3.96,2019,21.465,2,5.381784971789299,Moyenne
Montagnes,Café,294.49,216.41,3.96,2019,21.465,3,5.381784971789299,Moyenne
Montagnes,Café,54.69,216.41,3.96,2019,21.465,11,5.381784971789299,Moyenne
Montagnes,Café,339.53,216.41,3.96,2019,21.465,3,5.381784971789299,Moyenne
Montagnes,Café,101.42,216.41,3.96,2019,21.465,3,5.381784971789299,Moyenne
Montagnes,Palmier à huile,174.1,431.06,9.08,2019,28.965,1,6.06856446748883,Élevée
Montagnes,Palmier à huile,57.62,431.06,9.08,2019,28.965,6,6.06856446748883,Élevée
Montagnes,Palmier à huile,66.88,431.06,9.08,2019,28.965,5,6.06856446748883,Élevée
Montagnes,Palmier à huile,191.61,431.06,9.08,2019,28.965,8,6.06856446748883,Élevée
Montagnes,Palmier à huile,345.52,431.06,9.08,2019,28.965,5,6.06856446748883,Élevée
Montagnes,Palmier à huile,439.56,431.06,9.08,2019,28.965,11,6.06856446748883,Élevée
Montagnes,Hévéa,453.64,102.02,8.7,2019,28.275,9,4.634923144137439,Faible
Montagnes,Hévéa,35.2,102.02,8.7,2019,28.275,4,4.634923144137439,Faible
Montagnes,Hévéa,290.98,102.02,8.7,2019,28.275,7,4.634923144137439,Faible
Montagnes,Hévéa,46.16,102.02,8.7,2019,28.275,11,4.634923144137439,Faible
Montagnes,Hévéa,399.94,102.02,8.7,2019,28.275,5,4.634923144137439,Faible
Montagnes,Anacardier,266.3,136.31,5.26,2019,22.985,3,4.92224114333366,Faible
Montagnes,Anacardier,206.42,136.31,5.26,2019,22.985,9,4.92224114333366,Faible
Montagnes,Anacardier,392.14,136.31,5.26,2019,22.985,11,4.92224114333366,Faible
Montagnes,Anacardier,177.49,136.31,5.26,2019,22.985,3,4.92224114333366,Faible
Montagnes,Anacardier,141.93,136.31,5.26,2019,22.985,1,4.92224114333366,Faible
Montagnes,Mangue,123.23,313.95,8.68,2019,26.96,2,5.752413896067938,Élevée
Montagnes,Mangue,299.54,313.95,8.68,2019,26.96,6,5.752413896067938,Élevée
Montagnes,Mangue,449.2,313.95,8.68,2019,26.96,4,5.752413896067938,Élevée
Montagnes,Mangue,417.9,313.95,8.68,2019,26.96,5,5.752413896067938,Élevée
Montagnes,Mangue,475.62,313.95,8.68,2019,26.96,1,5.752413896067938,Élevée
Montagnes,Mangue,67.7,313.95,8.68,2019,26.96,5,5.752413896067938,Élevée
Montagnes,Mangue,186.49,313.95,8.68,2019,26.96,9,5.752413896067938,Élevée
Montagnes,Goyave,93.56,450.21,5.84,2019,25.71,7,6.1119328630588186,Élevée
Montagnes,Goyave,162.38,450.21,5.84,2019,25.71,9,6.1119328630588186,Élevée
Montagnes,Goyave,115.32,450.21,5.84,2019,25.71,12,6.1119328630588186,Élevée
Montagnes,Papaye,434.87,129.77,8.96,2019,26.634999999999998,2,4.873440054918411,Faible
Montagnes,Papaye,75.67,129.77,8.96,2019,26.634999999999998,8,4.873440054918411,Faible
Montagnes,Papaye,413.04,129.77,8.96,2019,26.634999999999998,8,4.873440054918411,Faible
Montagnes,Papaye,493.39,129.77,8.96,2019,26.634999999999998,8,4.873440054918411,Faible
Montagnes,Cocotier,29.96,97.92,5.2,2019,25.375,3,4.594311442653216,Faible
Montagnes,Cocotier,103.44,97.92,5.2,2019,25.375,5,4.594311442653216,Faible
Montagnes,Cocotier,101.65,97.92,5.2,2019,25.375,3,4.594311442653216,Faible
Montagnes,Teck,408.76,129.77,9.67,2019,26.634999999999998,6,4.873440054918411,Faible
Montagnes,Teck,194.04,129.77,9.67,2019,26.634999999999998,7,4.873440054918411,Faible
Montagnes,Teck,213.17,129.77,9.67,2019,26.634999999999998,1,4.873440054918411,Faible
Montagnes,Teck,12.27,129.77,9.67,2019,26.634999999999998,11,4.873440054918411,Faible
Montagnes,Teck,269.53,129.77,9.67,2019,26.634999999999998,1,4.873440054918411,Faible
Montagnes,Acajou,211.8,193.27,8.2,2019,26.245,2,5.269248944050689,Moyenne
Montagnes,Acajou,377.93,193.27,8.2,2019,26.245,4,5.269248944050689,Moyenne
Montagnes,Acajou,260.93,193.27,8.2,2019,26.245,3,5.269248944050689,Moyenne
Montagnes,Acajou,303.34,193.27,8.2,2019,26.245,6,5.269248944050689,Moyenne
Montagnes,Acajou,393.99,193.27,8.2,2019,26.245,12,5.269248944050689,Moyenne
Montagnes,Iroko,421.06,44.35,3.0,2019,24.060000000000002,1,3.814410176561146,Faible
Montagnes,Iroko,70.91,44.35,3.0,2019,24.060000000000002,7,3.814410176561146,Faible
Montagnes,Iroko,324.03,44.35,3.0,2019,24.060000000000002,12,3.814410176561146,Faible
Montagnes,Iroko,453.62,44.35,3.0,2019,24.060000000000002,5,3.814410176561146,Faible
Montagnes,Iroko,396.69,44.35,3.0,2019,24.060000000000002,7,3.814410176561146,Faible
Montagnes,Samba,488.17,45.74,4.1,2019,26.375,12,3.844600329110712,Faible
Montagnes,Samba,370.86,45.74,4.1,2019,26.375,11,3.844600329110712,Faible
Montagnes,Eucalyptus,270.36,217.79,4.53,2019,24.990000000000002,12,5.388112365664251,Moyenne
Montagnes,Eucalyptus,243.26,217.79,4.53,2019,24.990000000000002,9,5.388112365664251,Moyenne
Montagnes,Eucalyptus,448.47,217.79,4.53,2019,24.990000000000002,6,5.388112365664251,Moyenne
Sassandra-Marahoué,Cacao,304.55,9.66,1.33,2019,23.72,4,2.3664984187376983,Faible
Sassandra-Marahoué,Cacao,41.14,9.66,1.33,2019,23.72,2,2.3664984187376983,Faible
Sassandra-Marahoué,Café,146.54,433.65,5.67,2019,29.82,6,6.074541109525073,Élevée
Sassandra-Marahoué,Café,310.57,433.65,5.67,2019,29.82,8,6.074541109525073,Élevée
Sassandra-Marahoué,Café,196.64,433.65,5.67,2019,29.82,9,6.074541109525073,Élevée
Sassandra-Marahoué,Palmier à huile,16.37,389.92,8.77,2019,26.245,7,5.968502935470635,Élevée
Sassandra-Marahoué,Palmier à huile,112.85,389.92,8.77,2019,26.245,11,5.968502935470635,Élevée
Sassandra-Marahoué,Palmier à huile,324.6,389.92,8.77,2019,26.245,4,5.968502935470635,Élevée
Sassandra-Marahoué,Palmier à huile,264.83,389.92,8.77,2019,26.245,1,5.968502935470635,Élevée
Sassandra-Marahoué,Palmier à huile,67.9,389.92,8.77,2019,26.245,8,5.968502935470635,Élevée
Sassandra-Marahoué,Palmier à huile,498.35,389.92,8.77,2019,26.245,11,5.968502935470635,Élevée
Sassandra-Marahoué,Hévéa,20.09,352.44,7.64,2019,28.185000000000002,10,5.867713739671807,Élevée
Sassandra-Marahoué,Hévéa,130.22,352.44,7.64,2019,28.185000000000002,12,5.867713739671807,Élevée
Sassandra-Marahoué,Hévéa,397.87,352.44,7.64,2019,28.185000000000002,12,5.867713739671807,Élevée
Sassandra-Marahoué,Hévéa,465.47,352.44,7.64,2019,28.185000000000002,5,5.867713739671807,Élevée
Sassandra-Marahoué,Hévéa,481.7,352.44,7.64,2019,28.185000000000002,6,5.867713739671807,Élevée
Sassandra-Marahoué,Anacardier,292.68,231.75,9.45,2019,28.375,7,5.449964916157176,Moyenne
Sassandra-Marahoué,Anacardier,73.15,231.75,9.45,2019,28.375,12,5.449964916157176,Moyenne
Sassandra-Marahoué,Anacardier,434.43,231.75,9.45,2019,28.375,9,5.449964916157176,Moyenne
Sassandra-Marahoué,Anacardier,44.88,231.75,9.45,2019,28.375,6,5.449964916157176,Moyenne
Sassandra-Marahoué,Anacardier,176.12,231.75,9.45,2019,28.375,6,5.449964916157176,Moyenne
Sassandra-Marahoué,Anacardier,37.62,231.75,9.45,2019,28.375,12,5.449964916157176,Moyenne
Sassandra-Marahoué,Anacardier,122.33,231.75,9.45,2019,28.375,3,5.449964916157176,Moyenne
Sassandra-Marahoué,Anacardier,280.43,231.75,9.45,2019,28.375,1,5.449964916157176,Moyenne
Sassandra-Marahoué,Anacardier,439.9,231.75,9.45,2019,28.375,3,5.449964916157176,Moyenne
Sassandra-Marahoué,Anacardier,211.09,231.75,9.45,2019,28.375,3,5.449964916157176,Moyenne
Sassandra-Marahoué,Anacardier,260.56,231.75,9.45,2019,28.375,5,5.449964916157176,Moyenne
Sassandra-Marahoué,Mangue,383.19,80.04,4.12,2019,22.380000000000003,9,4.394942859940428,Faible
Sassandra-Marahoué,Mangue,375.78,80.04,4.12,2019,22.380000000000003,11,4.394942859940428,Faible
Sassandra-Marahoué,Mangue,450.79,80.04,4.12,2019,22.380000000000003,6,4.394942859940428,Faible
Sassandra-Marahoué,Mangue,49.31,80.04,4.12,2019,22.380000000000003,3,4.394942859940428,Faible
Sassandra-Marahoué,Mangue,343.94,80.04,4.12,2019,22.380000000000003,7,4.394942859940428,Faible
Sassandra-Marahoué,Mangue,290.09,80.04,4.12,2019,22.380000000000003,5,4.394942859940428,Faible
Sassandra-Marahoué,Mangue,84.43,80.04,4.12,2019,22.380000000000003,6,4.394942859940428,Faible
Sassandra-Marahoué,Mangue,69.8,80.04,4.12,2019,22.380000000000003,10,4.394942859940428,Faible
Sassandra-Marahoué,Goyave,396.41,306.29,2.97,2019,29.799999999999997,1,5.727791927116553,Élevée
Sassandra-Marahoué,Goyave,319.26,306.29,2.97,2019,29.799999999999997,10,5.727791927116553,Élevée
Sassandra-Marahoué,Papaye,200.45,385.46,8.96,2019,29.935000000000002,4,5.957028369786855,Élevée
Sassandra-Marahoué,Papaye,105.94,385.46,8.96,2019,29.935000000000002,12,5.957028369786855,Élevée
Sassandra-Marahoué,Papaye,307.7,385.46,8.96,2019,29.935000000000002,7,5.957028369786855,Élevée
Sassandra-Marahoué,Papaye,229.23,385.46,8.96,2019,29.935000000000002,10,5.957028369786855,Élevée
Sassandra-Marahoué,Papaye,302.97,385.46,8.96,2019,29.935000000000002,12,5.957028369786855,Élevée
Sassandra-Marahoué,Papaye,317.67,385.46,8.96,2019,29.935000000000002,4,5.957028369786855,Élevée
Sassandra-Marahoué,Papaye,367.51,385.46,8.96,2019,29.935000000000002,6,5.957028369786855,Élevée
Sassandra-Marahoué,Papaye,145.67,385.46,8.96,2019,29.935000000000002,8,5.957028369786855,Élevée
Sassandra-Marahoué,Cocotier,68.6,212.61,4.11,2019,22.125,1,5.364151922469583,Moyenne
Sassandra-Marahoué,Cocotier,193.52,212.61,4.11,2019,22.125,8,5.364151922469583,Moyenne
Sassandra-Marahoué,Cocotier,377.48,212.61,4.11,2019,22.125,11,5.364151922469583,Moyenne
Sassandra-Marahoué,Cocotier,47.72,212.61,4.11,2019,22.125,6,5.364151922469583,Moyenne
Sassandra-Marahoué,Cocotier,53.36,212.61,4.11,2019,22.125,12,5.364151922469583,Moyenne
Sassandra-Marahoué,Cocotier,466.07,212.61,4.11,2019,22.125,12,5.364151922469583,Moyenne
Sassandra-Marahoué,Cocotier,214.94,212.61,4.11,2019,22.125,12,5.364151922469583,Moyenne
Sassandra-Marahoué,Cocotier,82.84,212.61,4.11,2019,22.125,4,5.364151922469583,Moyenne
Sassandra-Marahoué,Cocotier,152.7,212.61,4.11,2019,22.125,7,5.364151922469583,Moyenne
Sassandra-Marahoué,Cocotier,320.4,212.61,4.11,2019,22.125,9,5.364151922469583,Moyenne
Sassandra-Marahoué,Teck,350.92,125.89,7.16,2019,24.740000000000002,5,4.8433205694088235,Faible
Sassandra-Marahoué,Teck,226.35,125.89,7.16,2019,24.740000000000002,12,4.8433205694088235,Faible
Sassandra-Marahoué,Teck,332.23,125.89,7.16,2019,24.740000000000002,1,4.8433205694088235,Faible
Sassandra-Marahoué,Teck,491.37,125.89,7.16,2019,24.740000000000002,8,4.8433205694088235,Faible
Sassandra-Marahoué,Teck,358.97,125.89,7.16,2019,24.740000000000002,10,4.8433205694088235,Faible
Sassandra-Marahoué,Acajou,283.62,407.92,4.1,2019,22.799999999999997,10,6.013519537888813,Élevée
Sassandra-Marahoué,Acajou,225.18,407.92,4.1,2019,22.799999999999997,2,6.013519537888813,Élevée
Sassandra-Marahoué,Acajou,131.39,407.92,4.1,2019,22.799999999999997,7,6.013519537888813,Élevée
Sassandra-Marahoué,Acajou,363.9,407.92,4.1,2019,22.799999999999997,5,6.013519537888813,Élevée
Sassandra-Marahoué,Acajou,98.98,407.92,4.1,2019,22.799999999999997,11,6.013519537888813,Élevée
Sassandra-Marahoué,Iroko,356.55,268.55,9.41,2019,28.525,11,5.596753901897678,Moyenne
Sassandra-Marahoué,Iroko,234.98,268.55,9.41,2019,28.525,6,5.596753901897678,Moyenne
Sassandra-Marahoué,Iroko,15.96,268.55,9.41,2019,28.525,6,5.596753901897678,Moyenne
Sassandra-Marahoué,Iroko,232.11,268.55,9.41,2019,28.525,5,5.596753901897678,Moyenne
Sassandra-Marahoué,Samba,12.71,352.79,5.39,2019,25.98,4,5.868703516769989,Élevée
Sassandra-Marahoué,Samba,335.2,352.79,5.39,2019,25.98,12,5.868703516769989,Élevée
Sassandra-Marahoué,Samba,88.8,352.79,5.39,2019,25.98,2,5.868703516769989,Élevée
Sassandra-Marahoué,Samba,495.35,352.79,5.39,2019,25.98,10,5.868703516769989,Élevée
Sassandra-Marahoué,Samba,190.21,352.79,5.39,2019,25.98,3,5.868703516769989,Élevée
Sassandra-Marahoué,Samba,469.0,352.79,5.39,2019,25.98,5,5.868703516769989,Élevée
Sassandra-Marahoué,Samba,375.56,352.79,5.39,2019,25.98,1,5.868703516769989,Élevée
Sassandra-Marahoué,Samba,105.67,352.79,5.39,2019,25.98,10,5.868703516769989,Élevée
Sassandra-Marahoué,Eucalyptus,474.15,379.13,2.26,2019,20.29,3,5.940513299478926,Élevée
Sassandra-Marahoué,Eucalyptus,252.79,379.13,2.26,2019,20.29,4,5.940513299478926,Élevée
Sassandra-Marahoué,Eucalyptus,383.14,379.13,2.26,2019,20.29,4,5.940513299478926,Élevée
Sassandra-Marahoué,Eucalyptus,168.6,379.13,2.26,2019,20.29,6,5.940513299478926,Élevée
Sassandra-Marahoué,Eucalyptus,267.59,379.13,2.26,2019,20.29,6,5.940513299478926,Élevée
Savanes,Cacao,59.55,113.01,5.95,2019,30.54,2,4.736286163845628,Faible
Savanes,Cacao,499.86,113.01,5.95,2019,30.54,8,4.736286163845628,Faible
Savanes,Cacao,307.15,113.01,5.95,2019,30.54,1,4.736286163845628,Faible
Savanes,Cacao,153.64,113.01,5.95,2019,30.54,3,4.736286163845628,Faible
Savanes,Cacao,61.01,113.01,5.95,2019,30.54,5,4.736286163845628,Faible
Savanes,Cacao,296.31,113.01,5.95,2019,30.54,6,4.736286163845628,Faible
Savanes,Cacao,92.78,113.01,5.95,2019,30.54,12,4.736286163845628,Faible
Savanes,Cacao,93.05,113.01,5.95,2019,30.54,8,4.736286163845628,Faible
Savanes,Cacao,295.85,113.01,5.95,2019,30.54,8,4.736286163845628,Faible
Savanes,Cacao,409.09,113.01,5.95,2019,30.54,9,4.736286163845628,Faible
Savanes,Cacao,299.06,113.01,5.95,2019,30.54,2,4.736286163845628,Faible
Savanes,Café,167.18,384.49,4.46,2019,31.095,7,5.954515252329704,Élevée
Savanes,Café,51.82,384.49,4.46,2019,31.095,12,5.954515252329704,Élevée
Savanes,Palmier à huile,180.65,377.13,6.99,2019,31.72,8,5.935238051838176,Élevée
Savanes,Palmier à huile,120.98,377.13,6.99,2019,31.72,1,5.935238051838176,Élevée
Savanes,Palmier à huile,461.72,377.13,6.99,2019,31.72,5,5.935238051838176,Élevée
Savanes,Palmier à huile,351.4,377.13,6.99,2019,31.72,4,5.935238051838176,Élevée
Savanes,Palmier à huile,27.61,377.13,6.99,2019,31.72,10,5.935238051838176,Élevée
Savanes,Hévéa,275.9,428.27,9.56,2019,28.96,5,6.062086091586753,Élevée
Savanes,Hévéa,172.14,428.27,9.56,2019,28.96,10,6.062086091586753,Élevée
Savanes,Hévéa,337.1,428.27,9.56,2019,28.96,2,6.062086091586753,Élevée
Savanes,Hévéa,80.07,428.27,9.56,2019,28.96,3,6.062086091586753,Élevée
Savanes,Hévéa,372.98,428.27,9.56,2019,28.96,3,6.062086091586753,Élevée
Savanes,Anacardier,51.9,473.23,2.06,2019,27.61,9,6.161692436075576,Élevée
Savanes,Anacardier,50.06,473.23,2.06,2019,27.61,7,6.161692436075576,Élevée
Savanes,Anacardier,337.64,473.23,2.06,2019,27.61,7,6.161692436075576,Élevée
Savanes,Anacardier,59.87,473.23,2.06,2019,27.61,9,6.161692436075576,Élevée
Savanes,Anacardier,257.89,473.23,2.06,2019,27.61,11,6.161692436075576,Élevée
Savanes,Anacardier,86.45,473.23,2.06,2019,27.61,11,6.161692436075576,Élevée
Savanes,Mangue,168.37,167.12,3.18,2019,29.235,1,5.124678010136916,Moyenne
Savanes,Mangue,373.15,167.12,3.18,2019,29.235,7,5.124678010136916,Moyenne
Savanes,Mangue,136.37,167.12,3.18,2019,29.235,5,5.124678010136916,Moyenne
Savanes,Mangue,225.97,167.12,3.18,2019,29.235,7,5.124678010136916,Moyenne
Savanes,Mangue,447.1,167.12,3.18,2019,29.235,11,5.124678010136916,Moyenne
Savanes,Mangue,190.18,167.12,3.18,2019,29.235,1,5.124678010136916,Moyenne
Savanes,Mangue,449.43,167.12,3.18,2019,29.235,4,5.124678010136916,Moyenne
Savanes,Mangue,126.71,167.12,3.18,2019,29.235,6,5.124678010136916,Moyenne
Savanes,Mangue,162.74,167.12,3.18,2019,29.235,4,5.124678010136916,Moyenne
Savanes,Mangue,279.12,167.12,3.18,2019,29.235,9,5.124678010136916,Moyenne
Savanes,Goyave,493.14,327.26,6.51,2019,28.494999999999997,2,5.79380597730379,Élevée
Savanes,Goyave,166.46,327.26,6.51,2019,28.494999999999997,2,5.79380597730379,Élevée
Savanes,Goyave,205.51,327.26,6.51,2019,28.494999999999997,2,5.79380597730379,Élevée
Savanes,Papaye,247.42,441.73,1.16,2019,26.07,1,6.092960103423562,Élevée
Savanes,Papaye,41.05,441.73,1.16,2019,26.07,4,6.092960103423562,Élevée
Savanes,Papaye,63.93,441.73,1.16,2019,26.07,6,6.092960103423562,Élevée
Savanes,Papaye,403.4,441.73,1.16,2019,26.07,7,6.092960103423562,Élevée
Savanes,Papaye,257.57,441.73,1.16,2019,26.07,8,6.092960103423562,Élevée
Savanes,Papaye,449.58,441.73,1.16,2019,26.07,4,6.092960103423562,Élevée
Savanes,Papaye,350.4,441.73,1.16,2019,26.07,3,6.092960103423562,Élevée
Savanes,Papaye,334.64,441.73,1.16,2019,26.07,11,6.092960103423562,Élevée
Savanes,Cocotier,322.4,83.81,1.58,2019,25.709999999999997,8,4.440413460373609,Faible
Savanes,Cocotier,487.45,83.81,1.58,2019,25.709999999999997,10,4.440413460373609,Faible
Savanes,Cocotier,337.36,83.81,1.58,2019,25.709999999999997,6,4.440413460373609,Faible
Savanes,Cocotier,475.85,83.81,1.58,2019,25.709999999999997,6,4.440413460373609,Faible
Savanes,Teck,287.54,399.39,9.36,2019,27.62,1,5.992439072104209,Élevée
Savanes,Teck,284.86,399.39,9.36,2019,27.62,4,5.992439072104209,Élevée
Savanes,Teck,371.57,399.39,9.36,2019,27.62,7,5.992439072104209,Élevée
Savanes,Teck,467.04,399.39,9.36,2019,27.62,11,5.992439072104209,Élevée
Savanes,Teck,406.59,399.39,9.36,2019,27.62,6,5.992439072104209,Élevée
Savanes,Teck,422.64,399.39,9.36,2019,27.62,11,5.992439072104209,Élevée
Savanes,Teck,65.64,399.39,9.36,2019,27.62,10,5.992439072104209,Élevée
Savanes,Acajou,136.8,259.53,5.46,2019,26.345,4,5.562718017710448,Moyenne
Savanes,Acajou,83.7,259.53,5.46,2019,26.345,6,5.562718017710448,Moyenne
Savanes,Acajou,91.48,259.53,5.46,2019,26.345,8,5.562718017710448,Moyenne
Savanes,Iroko,485.26,423.48,9.22,2019,24.935000000000002,11,6.0508648903894295,Élevée
Savanes,Iroko,75.86,423.48,9.22,2019,24.935000000000002,9,6.0508648903894295,Élevée
Savanes,Samba,17.05,130.14,6.05,2019,29.565,5,4.876265454835473,Faible
Savanes,Samba,146.51,130.14,6.05,2019,29.565,8,4.876265454835473,Faible
Savanes,Samba,299.21,130.14,6.05,2019,29.565,8,4.876265454835473,Faible
Savanes,Samba,270.74,130.14,6.05,2019,29.565,11,4.876265454835473,Faible
Savanes,Samba,301.86,130.14,6.05,2019,29.565,1,4.876265454835473,Faible
Savanes,Samba,439.91,130.14,6.05,2019,29.565,6,4.876265454835473,Faible
Savanes,Samba,380.22,130.14,6.05,2019,29.565,7,4.876265454835473,Faible
Savanes,Samba,180.95,130.14,6.05,2019,29.565,4,4.876265454835473,Faible
Savanes,Samba,148.2,130.14,6.05,2019,29.565,9,4.876265454835473,Faible
Savanes,Eucalyptus,96.74,168.3,8.27,2019,21.145,12,5.13167228913909,Moyenne
Savanes,Eucalyptus,406.96,168.3,8.27,2019,21.145,12,5.13167228913909,Moyenne
Vallée du Bandama,Cacao,204.31,134.5,2.96,2019,26.32,1,4.908971640319756,Faible
Vallée du Bandama,Cacao,237.21,134.5,2.96,2019,26.32,2,4.908971640319756,Faible
Vallée du Bandama,Cacao,295.99,134.5,2.96,2019,26.32,4,4.908971640319756,Faible
Vallée du Bandama,Cacao,241.39,134.5,2.96,2019,26.32,7,4.908971640319756,Faible
Vallée du Bandama,Café,410.13,180.12,6.54,2019,27.67,9,5.199159795014818,Moyenne
Vallée du Bandama,Café,293.36,180.12,6.54,2019,27.67,12,5.199159795014818,Moyenne
Vallée du Bandama,Palmier à huile,100.58,82.98,7.14,2019,27.615000000000002,12,4.430578675256047,Faible
Vallée du Bandama,Palmier à huile,325.56,82.98,7.14,2019,27.615000000000002,11,4.430578675256047,Faible
Vallée du Bandama,Palmier à huile,470.71,82.98,7.14,2019,27.615000000000002,6,4.430578675256047,Faible
Vallée du Bandama,Palmier à huile,299.72,82.98,7.14,2019,27.615000000000002,3,4.430578675256047,Faible
Vallée du Bandama,Palmier à huile,314.82,82.98,7.14,2019,27.615000000000002,7,4.430578675256047,Faible
Vallée du Bandama,Hévéa,449.08,159.49,4.15,2019,24.4,3,5.078231635333065,Moyenne
Vallée du Bandama,Hévéa,416.81,159.49,4.15,2019,24.4,12,5.078231635333065,Moyenne
Vallée du Bandama,Anacardier,427.57,395.02,6.79,2019,22.130000000000003,3,5.981464715029649,Élevée
Vallée du Bandama,Anacardier,202.2,395.02,6.79,2019,22.130000000000003,6,5.981464715029649,Élevée
Vallée du Bandama,Anacardier,77.04,395.02,6.79,2019,22.130000000000003,12,5.981464715029649,Élevée
Vallée du Bandama,Anacardier,119.56,395.02,6.79,2019,22.130000000000003,11,5.981464715029649,Élevée
Vallée du Bandama,Anacardier,38.46,395.02,6.79,2019,22.130000000000003,12,5.981464715029649,Élevée
Vallée du Bandama,Anacardier,188.18,395.02,6.79,2019,22.130000000000003,12,5.981464715029649,Élevée
Vallée du Bandama,Anacardier,111.1,395.02,6.79,2019,22.130000000000003,7,5.981464715029649,Élevée
Vallée du Bandama,Mangue,242.24,91.06,4.03,2019,28.89,2,4.5224405383890955,Faible
Vallée du Bandama,Mangue,164.03,91.06,4.03,2019,28.89,10,4.5224405383890955,Faible
Vallée du Bandama,Mangue,426.33,91.06,4.03,2019,28.89,4,4.5224405383890955,Faible
Vallée du Bandama,Mangue,255.74,91.06,4.03,2019,28.89,12,4.5224405383890955,Faible
Vallée du Bandama,Mangue,328.48,91.06,4.03,2019,28.89,2,4.5224405383890955,Faible
Vallée du Bandama,Mangue,22.42,91.06,4.03,2019,28.89,5,4.5224405383890955,Faible
Vallée du Bandama,Mangue,145.92,91.06,4.03,2019,28.89,11,4.5224405383890955,Faible
Vallée du Bandama,Mangue,242.0,91.06,4.03,2019,28.89,1,4.5224405383890955,Faible
Vallée du Bandama,Mangue,177.62,91.06,4.03,2019,28.89,9,4.5224405383890955,Faible
Vallée du Bandama,Goyave,104.22,232.6,2.92,2019,24.515,9,5.453610250954072,Moyenne
Vallée du Bandama,Goyave,176.99,232.6,2.92,2019,24.515,12,5.453610250954072,Moyenne
Vallée du Bandama,Papaye,388.4,453.06,3.34,2019,25.18,5,6.118229347899479,Élevée
Vallée du Bandama,Papaye,297.03,453.06,3.34,2019,25.18,4,6.118229347899479,Élevée
Vallée du Bandama,Papaye,282.16,453.06,3.34,2019,25.18,5,6.118229347899479,Élevée
Vallée du Bandama,Cocotier,351.54,249.13,5.24,2019,20.825,3,5.521980782709098,Moyenne
Vallée du Bandama,Cocotier,24.1,249.13,5.24,2019,20.825,10,5.521980782709098,Moyenne
Vallée du Bandama,Cocotier,228.54,249.13,5.24,2019,20.825,1,5.521980782709098,Moyenne
Vallée du Bandama,Cocotier,495.08,249.13,5.24,2019,20.825,3,5.521980782709098,Moyenne
Vallée du Bandama,Cocotier,173.78,249.13,5.24,2019,20.825,6,5.521980782709098,Moyenne
Vallée du Bandama,Cocotier,171.05,249.13,5.24,2019,20.825,9,5.521980782709098,Moyenne
Vallée du Bandama,Cocotier,458.28,249.13,5.24,2019,20.825,9,5.521980782709098,Moyenne
Vallée du Bandama,Teck,403.08,179.23,2.32,2019,27.055,3,5.194233813004714,Moyenne
Vallée du Bandama,Teck,444.73,179.23,2.32,2019,27.055,11,5.194233813004714,Moyenne
Vallée du Bandama,Teck,462.02,179.23,2.32,2019,27.055,9,5.194233813004714,Moyenne
Vallée du Bandama,Acajou,353.47,111.8,2.98,2019,24.905,10,4.725616339063959,Faible
Vallée du Bandama,Acajou,181.11,111.8,2.98,2019,24.905,7,4.725616339063959,Faible
Vallée du Bandama,Iroko,325.21,247.94,3.8,2019,22.055,7,5.517211903572831,Moyenne
Vallée du Bandama,Iroko,319.81,247.94,3.8,2019,22.055,8,5.517211903572831,Moyenne
Vallée du Bandama,Samba,422.5,311.95,6.79,2019,25.83,2,5.74604343337071,Élevée
Vallée du Bandama,Samba,234.54,311.95,6.79,2019,25.83,10,5.74604343337071,Élevée
Vallée du Bandama,Samba,277.35,311.95,6.79,2019,25.83,2,5.74604343337071,Élevée
Vallée du Bandama,Samba,256.54,311.95,6.79,2019,25.83,5,5.74604343337071,Élevée
Vallée du Bandama,Eucalyptus,245.76,89.27,7.27,2019,25.05,1,4.502805179310063,Faible
Vallée du Bandama,Eucalyptus,48.44,89.27,7.27,2019,25.05,8,4.502805179310063,Faible
Vallée du Bandama,Eucalyptus,450.29,89.27,7.27,2019,25.05,1,4.502805179310063,Faible
Vallée du Bandama,Eucalyptus,368.13,89.27,7.27,2019,25.05,7,4.502805179310063,Faible
Woroba,Cacao,29.26,404.68,8.45,2019,30.555,4,6.005564671486764,Élevée
Woroba,Cacao,239.64,404.68,8.45,2019,30.555,6,6.005564671486764,Élevée
Woroba,Cacao,275.92,404.68,8.45,2019,30.555,8,6.005564671486764,Élevée
Woroba,Cacao,32.16,404.68,8.45,2019,30.555,4,6.005564671486764,Élevée
Woroba,Cacao,15.56,404.68,8.45,2019,30.555,5,6.005564671486764,Élevée
Woroba,Cacao,472.03,404.68,8.45,2019,30.555,10,6.005564671486764,Élevée
Woroba,Cacao,353.96,404.68,8.45,2019,30.555,7,6.005564671486764,Élevée
Woroba,Cacao,480.92,404.68,8.45,2019,30.555,1,6.005564671486764,Élevée
Woroba,Café,406.84,219.57,3.21,2019,25.355,11,5.396215104824496,Moyenne
Woroba,Café,410.55,219.57,3.21,2019,25.355,6,5.396215104824496,Moyenne
Woroba,Café,370.18,219.57,3.21,2019,25.355,2,5.396215104824496,Moyenne
Woroba,Café,128.81,219.57,3.21,2019,25.355,12,5.396215104824496,Moyenne
Woroba,Café,474.95,219.57,3.21,2019,25.355,3,5.396215104824496,Moyenne
Woroba,Café,36.83,219.57,3.21,2019,25.355,10,5.396215104824496,Moyenne
Woroba,Palmier à huile,339.35,170.3,2.08,2019,23.43,2,5.143416405330075,Moyenne
Woroba,Palmier à huile,264.21,170.3,2.08,2019,23.43,10,5.143416405330075,Moyenne
Woroba,Hévéa,470.35,187.44,3.69,2019,27.945,2,5.23877965383184,Moyenne
Woroba,Hévéa,144.29,187.44,3.69,2019,27.945,4,5.23877965383184,Moyenne
Woroba,Hévéa,251.38,187.44,3.69,2019,27.945,5,5.23877965383184,Moyenne
Woroba,Hévéa,356.96,187.44,3.69,2019,27.945,3,5.23877965383184,Moyenne
Woroba,Hévéa,67.36,187.44,3.69,2019,27.945,5,5.23877965383184,Moyenne
Woroba,Hévéa,454.11,187.44,3.69,2019,27.945,11,5.23877965383184,Moyenne
Woroba,Anacardier,366.83,491.19,2.33,2019,23.545,5,6.198864820806232,Élevée
Woroba,Anacardier,490.22,491.19,2.33,2019,23.545,10,6.198864820806232,Élevée
Woroba,Anacardier,368.68,491.19,2.33,2019,23.545,10,6.198864820806232,Élevée
Woroba,Anacardier,359.49,491.19,2.33,2019,23.545,9,6.198864820806232,Élevée
Woroba,Anacardier,19.83,491.19,2.33,2019,23.545,12,6.198864820806232,Élevée
Woroba,Mangue,151.43,184.53,9.95,2019,23.745,1,5.223216594038786,Moyenne
Woroba,Mangue,222.59,184.53,9.95,2019,23.745,1,5.223216594038786,Moyenne
Woroba,Mangue,96.43,184.53,9.95,2019,23.745,9,5.223216594038786,Moyenne
Woroba,Mangue,492.57,184.53,9.95,2019,23.745,10,5.223216594038786,Moyenne
Woroba,Mangue,213.26,184.53,9.95,2019,23.745,1,5.223216594038786,Moyenne
Woroba,Goyave,210.28,143.27,8.78,2019,23.185000000000002,2,4.971686543957681,Faible
Woroba,Goyave,143.43,143.27,8.78,2019,23.185000000000002,2,4.971686543957681,Faible
Woroba,Goyave,371.38,143.27,8.78,2019,23.185000000000002,1,4.971686543957681,Faible
Woroba,Goyave,356.06,143.27,8.78,2019,23.185000000000002,3,4.971686543957681,Faible
Woroba,Goyave,185.83,143.27,8.78,2019,23.185000000000002,5,4.971686543957681,Faible
Woroba,Goyave,126.24,143.27,8.78,2019,23.185000000000002,3,4.971686543957681,Faible
Woroba,Goyave,54.73,143.27,8.78,2019,23.185000000000002,5,4.971686543957681,Faible
Woroba,Goyave,83.46,143.27,8.78,2019,23.185000000000002,1,4.971686543957681,Faible
Woroba,Goyave,217.87,143.27,8.78,2019,23.185000000000002,5,4.971686543957681,Faible
Woroba,Goyave,133.37,143.27,8.78,2019,23.185000000000002,5,4.971686543957681,Faible
Woroba,Papaye,131.76,477.96,4.06,2019,28.235,6,6.171617086617097,Élevée
Woroba,Papaye,252.64,477.96,4.06,2019,28.235,12,6.171617086617097,Élevée
Woroba,Papaye,187.57,477.96,4.06,2019,28.235,2,6.171617086617097,Élevée
Woroba,Papaye,159.08,477.96,4.06,2019,28.235,5,6.171617086617097,Élevée
Woroba,Papaye,168.25,477.96,4.06,2019,28.235,7,6.171617086617097,Élevée
Woroba,Cocotier,223.07,411.27,9.5,2019,30.195,10,6.021678474513991,Élevée
Woroba,Cocotier,179.39,411.27,9.5,2019,30.195,7,6.021678474513991,Élevée
Woroba,Cocotier,138.51,411.27,9.5,2019,30.195,7,6.021678474513991,Élevée
Woroba,Cocotier,267.13,411.27,9.5,2019,30.195,10,6.021678474513991,Élevée
Woroba,Cocotier,439.62,411.27,9.5,2019,30.195,1,6.021678474513991,Élevée
Woroba,Teck,69.11,257.93,4.04,2019,27.605,5,5.556557754899676,Moyenne
Woroba,Teck,84.32,257.93,4.04,2019,27.605,9,5.556557754899676,Moyenne
Woroba,Teck,477.49,257.93,4.04,2019,27.605,2,5.556557754899676,Moyenne
Woroba,Teck,412.42,257.93,4.04,2019,27.605,3,5.556557754899676,Moyenne
Woroba,Teck,403.71,257.93,4.04,2019,27.605,12,5.556557754899676,Moyenne
Woroba,Acajou,481.46,187.44,7.8,2019,27.945,1,5.23877965383184,Moyenne
Woroba,Acajou,30.03,187.44,7.8,2019,27.945,10,5.23877965383184,Moyenne
Woroba,Acajou,126.25,187.44,7.8,2019,27.945,4,5.23877965383184,Moyenne
Woroba,Acajou,368.96,187.44,7.8,2019,27.945,1,5.23877965383184,Moyenne
Woroba,Iroko,47.17,386.01,8.63,2019,20.625,2,5.958450532489222,Élevée
Woroba,Iroko,86.51,386.01,8.63,2019,20.625,3,5.958450532489222,Élevée
Woroba,Iroko,485.26,386.01,8.63,2019,20.625,7,5.958450532489222,Élevée
Woroba,Samba,297.25,169.73,6.37,2019,24.674999999999997,12,5.140083361283142,Moyenne
Woroba,Eucalyptus,17.57,231.34,1.93,2019,28.53,6,5.448201816085329,Moyenne
Woroba,Eucalyptus,279.27,231.34,1.93,2019,28.53,12,5.448201816085329,Moyenne
Woroba,Eucalyptus,333.39,231.34,1.93,2019,28.53,10,5.448201816085329,Moyenne
Woroba,Eucalyptus,89.68,231.34,1.93,2019,28.53,9,5.448201816085329,Moyenne
Yamoussoukro,Cacao,262.99,466.46,4.21,2019,29.37,8,6.147313783570822,Élevée
Yamoussoukro,Café,481.98,54.63,6.46,2019,27.564999999999998,8,4.018722624087202,Faible
Yamoussoukro,Café,85.64,54.63,6.46,2019,27.564999999999998,12,4.018722624087202,Faible
Yamoussoukro,Café,463.53,54.63,6.46,2019,27.564999999999998,2,4.018722624087202,Faible
Yamoussoukro,Café,66.27,54.63,6.46,2019,27.564999999999998,5,4.018722624087202,Faible
Yamoussoukro,Café,196.05,54.63,6.46,2019,27.564999999999998,6,4.018722624087202,Faible
Yamoussoukro,Café,281.63,54.63,6.46,2019,27.564999999999998,12,4.018722624087202,Faible
Yamoussoukro,Café,250.89,54.63,6.46,2019,27.564999999999998,11,4.018722624087202,Faible
Yamoussoukro,Café,273.18,54.63,6.46,2019,27.564999999999998,9,4.018722624087202,Faible
Yamoussoukro,Café,46.82,54.63,6.46,2019,27.564999999999998,12,4.018722624087202,Faible
Yamoussoukro,Café,389.82,54.63,6.46,2019,27.564999999999998,1,4.018722624087202,Faible
Yamoussoukro,Palmier à huile,435.55,403.72,7.08,2019,26.865000000000002,10,6.003195469983681,Élevée
Yamoussoukro,Palmier à huile,217.82,403.72,7.08,2019,26.865000000000002,5,6.003195469983681,Élevée
Yamoussoukro,Palmier à huile,225.1,403.72,7.08,2019,26.865000000000002,11,6.003195469983681,Élevée
Yamoussoukro,Palmier à huile,475.53,403.72,7.08,2019,26.865000000000002,5,6.003195469983681,Élevée
Yamoussoukro,Palmier à huile,206.37,403.72,7.08,2019,26.865000000000002,4,6.003195469983681,Élevée
Yamoussoukro,Palmier à huile,399.64,403.72,7.08,2019,26.865000000000002,10,6.003195469983681,Élevée
Yamoussoukro,Hévéa,48.09,432.18,4.22,2019,29.625,2,6.07115334600935,Élevée
Yamoussoukro,Hévéa,93.73,432.18,4.22,2019,29.625,2,6.07115334600935,Élevée
Yamoussoukro,Hévéa,326.13,432.18,4.22,2019,29.625,7,6.07115334600935,Élevée
Yamoussoukro,Hévéa,427.06,432.18,4.22,2019,29.625,10,6.07115334600935,Élevée
Yamoussoukro,Hévéa,230.91,432.18,4.22,2019,29.625,2,6.07115334600935,Élevée
Yamoussoukro,Hévéa,132.15,432.18,4.22,2019,29.625,12,6.07115334600935,Élevée
Yamoussoukro,Hévéa,251.33,432.18,4.22,2019,29.625,8,6.07115334600935,Élevée
Yamoussoukro,Hévéa,259.2,432.18,4.22,2019,29.625,12,6.07115334600935,Élevée
Yamoussoukro,Anacardier,35.32,404.68,9.47,2019,30.555,3,6.005564671486764,Élevée
Yamoussoukro,Mangue,493.24,311.95,5.3,2019,25.83,5,5.74604343337071,Élevée
Yamoussoukro,Mangue,21.91,311.95,5.3,2019,25.83,8,5.74604343337071,Élevée
Yamoussoukro,Mangue,477.88,311.95,5.3,2019,25.83,5,5.74604343337071,Élevée
Yamoussoukro,Mangue,375.27,311.95,5.3,2019,25.83,2,5.74604343337071,Élevée
Yamoussoukro,Goyave,51.21,495.03,5.46,2019,24.585,6,6.20663640876682,Élevée
Yamoussoukro,Goyave,256.33,495.03,5.46,2019,24.585,2,6.20663640876682,Élevée
Yamoussoukro,Goyave,282.05,495.03,5.46,2019,24.585,12,6.20663640876682,Élevée
Yamoussoukro,Goyave,215.27,495.03,5.46,2019,24.585,7,6.20663640876682,Élevée
Yamoussoukro,Goyave,423.99,495.03,5.46,2019,24.585,5,6.20663640876682,Élevée
Yamoussoukro,Papaye,76.82,157.18,2.57,2019,29.35,12,5.063733625091271,Moyenne
Yamoussoukro,Papaye,110.52,157.18,2.57,2019,29.35,8,5.063733625091271,Moyenne
Yamoussoukro,Papaye,289.33,157.18,2.57,2019,29.35,11,5.063733625091271,Moyenne
Yamoussoukro,Papaye,362.82,157.18,2.57,2019,29.35,6,5.063733625091271,Moyenne
Yamoussoukro,Cocotier,33.01,483.52,1.48,2019,24.045,3,6.183158710148601,Élevée
Yamoussoukro,Cocotier,329.85,483.52,1.48,2019,24.045,3,6.183158710148601,Élevée
Yamoussoukro,Cocotier,29.98,483.52,1.48,2019,24.045,10,6.183158710148601,Élevée
Yamoussoukro,Cocotier,365.78,483.52,1.48,2019,24.045,9,6.183158710148601,Élevée
Yamoussoukro,Cocotier,136.54,483.52,1.48,2019,24.045,5,6.183158710148601,Élevée
Yamoussoukro,Cocotier,260.72,483.52,1.48,2019,24.045,11,6.183158710148601,Élevée
Yamoussoukro,Cocotier,167.82,483.52,1.48,2019,24.045,12,6.183158710148601,Élevée
Yamoussoukro,Teck,254.24,231.75,2.4,2019,28.375,2,5.449964916157176,Moyenne
Yamoussoukro,Teck,229.74,231.75,2.4,2019,28.375,9,5.449964916157176,Moyenne
Yamoussoukro,Teck,126.44,231.75,2.4,2019,28.375,1,5.449964916157176,Moyenne
Yamoussoukro,Teck,241.07,231.75,2.4,2019,28.375,7,5.449964916157176,Moyenne
Yamoussoukro,Acajou,14.51,87.61,8.65,2019,26.455,6,4.484244718059211,Faible
Yamoussoukro,Acajou,390.44,87.61,8.65,2019,26.455,4,4.484244718059211,Faible
Yamoussoukro,Acajou,184.28,87.61,8.65,2019,26.455,8,4.484244718059211,Faible
Yamoussoukro,Acajou,291.49,87.61,8.65,2019,26.455,3,4.484244718059211,Faible
Yamoussoukro,Acajou,219.28,87.61,8.65,2019,26.455,3,4.484244718059211,Faible
Yamoussoukro,Acajou,309.74,87.61,8.65,2019,26.455,6,4.484244718059211,Faible
Yamoussoukro,Acajou,251.96,87.61,8.65,2019,26.455,9,4.484244718059211,Faible
Yamoussoukro,Iroko,483.66,87.61,2.53,2019,26.455,10,4.484244718059211,Faible
Yamoussoukro,Iroko,18.87,87.61,2.53,2019,26.455,11,4.484244718059211,Faible
Yamoussoukro,Iroko,62.51,87.61,2.53,2019,26.455,1,4.484244718059211,Faible
Yamoussoukro,Iroko,367.21,87.61,2.53,2019,26.455,12,4.484244718059211,Faible
Yamoussoukro,Iroko,207.71,87.61,2.53,2019,26.455,3,4.484244718059211,Faible
Yamoussoukro,Iroko,118.77,87.61,2.53,2019,26.455,9,4.484244718059211,Faible
Yamoussoukro,Iroko,147.67,87.61,2.53,2019,26.455,12,4.484244718059211,Faible
Yamoussoukro,Samba,434.1,121.99,1.34,2019,27.814999999999998,6,4.8121030512543195,Faible
Yamoussoukro,Samba,401.96,121.99,1.34,2019,27.814999999999998,12,4.8121030512543195,Faible
Yamoussoukro,Samba,68.68,121.99,1.34,2019,27.814999999999998,7,4.8121030512543195,Faible
Yamoussoukro,Samba,282.81,121.99,1.34,2019,27.814999999999998,10,4.8121030512543195,Faible
Yamoussoukro,Samba,86.44,121.99,1.34,2019,27.814999999999998,10,4.8121030512543195,Faible
Yamoussoukro,Samba,65.49,121.99,1.34,2019,27.814999999999998,11,4.8121030512543195,Faible
Yamoussoukro,Samba,320.43,121.99,1.34,2019,27.814999999999998,3,4.8121030512543195,Faible
Yamoussoukro,Eucalyptus,24.95,263.85,8.98,2019,25.52,3,5.5791636279905354,Moyenne
Yamoussoukro,Eucalyptus,455.57,263.85,8.98,2019,25.52,1,5.5791636279905354,Moyenne
Yamoussoukro,Eucalyptus,137.12,263.85,8.98,2019,25.52,3,5.5791636279905354,Moyenne
Yamoussoukro,Eucalyptus,62.23,263.85,8.98,2019,25.52,5,5.5791636279905354,Moyenne
Yamoussoukro,Eucalyptus,348.29,263.85,8.98,2019,25.52,5,5.5791636279905354,Moyenne
Yamoussoukro,Eucalyptus,114.05,263.85,8.98,2019,25.52,1,5.5791636279905354,Moyenne
Yamoussoukro,Eucalyptus,205.27,263.85,8.98,2019,25.52,10,5.5791636279905354,Moyenne
Zanzan,Cacao,274.91,348.33,4.54,2019,29.915,6,5.85601703418262,Élevée
Zanzan,Cacao,365.6,348.33,4.54,2019,29.915,6,5.85601703418262,Élevée
Zanzan,Cacao,313.95,348.33,4.54,2019,29.915,8,5.85601703418262,Élevée
Zanzan,Cacao,345.27,348.33,4.54,2019,29.915,10,5.85601703418262,Élevée
Zanzan,Café,431.76,488.65,1.92,2019,25.0,10,6.193690850166804,Élevée
Zanzan,Café,335.95,488.65,1.92,2019,25.0,12,6.193690850166804,Élevée
Zanzan,Palmier à huile,169.41,443.46,8.35,2019,25.375,9,6.096860062153323,Élevée
Zanzan,Palmier à huile,232.73,443.46,8.35,2019,25.375,6,6.096860062153323,Élevée
Zanzan,Palmier à huile,446.23,443.46,8.35,2019,25.375,12,6.096860062153323,Élevée
Zanzan,Hévéa,396.91,353.24,3.05,2019,27.18,10,5.869974649520272,Élevée
Zanzan,Hévéa,339.07,353.24,3.05,2019,27.18,5,5.869974649520272,Élevée
Zanzan,Hévéa,273.32,353.24,3.05,2019,27.18,3,5.869974649520272,Élevée
Zanzan,Hévéa,405.65,353.24,3.05,2019,27.18,11,5.869974649520272,Élevée
Zanzan,Anacardier,301.12,356.98,7.51,2019,30.145000000000003,1,5.880477118918354,Élevée
Zanzan,Anacardier,260.27,356.98,7.51,2019,30.145000000000003,1,5.880477118918354,Élevée
Zanzan,Anacardier,219.5,356.98,7.51,2019,30.145000000000003,8,5.880477118918354,Élevée
Zanzan,Anacardier,271.4,356.98,7.51,2019,30.145000000000003,7,5.880477118918354,Élevée
Zanzan,Mangue,66.78,341.63,7.74,2019,26.765,5,5.836651147730626,Élevée
Zanzan,Mangue,142.71,341.63,7.74,2019,26.765,12,5.836651147730626,Élevée
Zanzan,Mangue,335.87,341.63,7.74,2019,26.765,10,5.836651147730626,Élevée
Zanzan,Mangue,432.92,341.63,7.74,2019,26.765,3,5.836651147730626,Élevée
Zanzan,Mangue,449.42,341.63,7.74,2019,26.765,4,5.836651147730626,Élevée
Zanzan,Mangue,81.0,341.63,7.74,2019,26.765,1,5.836651147730626,Élevée
Zanzan,Goyave,410.83,355.12,7.06,2019,25.105,12,5.87526775270547,Élevée
Zanzan,Goyave,498.47,355.12,7.06,2019,25.105,1,5.87526775270547,Élevée
Zanzan,Goyave,99.14,355.12,7.06,2019,25.105,8,5.87526775270547,Élevée
Zanzan,Papaye,85.14,250.31,6.96,2019,29.28,4,5.526687236833828,Moyenne
Zanzan,Papaye,266.14,250.31,6.96,2019,29.28,5,5.526687236833828,Moyenne
Zanzan,Teck,236.38,87.44,7.75,2019,25.985,1,4.482324355989245,Faible
Zanzan,Teck,23.28,87.44,7.75,2019,25.985,5,4.482324355989245,Faible
Zanzan,Teck,249.83,87.44,7.75,2019,25.985,8,4.482324355989245,Faible
Zanzan,Teck,78.66,87.44,7.75,2019,25.985,10,4.482324355989245,Faible
Zanzan,Teck,461.21,87.44,7.75,2019,25.985,5,4.482324355989245,Faible
Zanzan,Teck,485.1,87.44,7.75,2019,25.985,5,4.482324355989245,Faible
Zanzan,Teck,38.2,87.44,7.75,2019,25.985,12,4.482324355989245,Faible
Zanzan,Teck,215.6,87.44,7.75,2019,25.985,10,4.482324355989245,Faible
Zanzan,Acajou,448.01,307.99,2.32,2019,23.604999999999997,12,5.733308913914523,Élevée
Zanzan,Acajou,320.37,307.99,2.32,2019,23.604999999999997,6,5.733308913914523,Élevée
Zanzan,Acajou,354.48,307.99,2.32,2019,23.604999999999997,6,5.733308913914523,Élevée
Zanzan,Acajou,379.16,307.99,2.32,2019,23.604999999999997,4,5.733308913914523,Élevée
Zanzan,Acajou,44.58,307.99,2.32,2019,23.604999999999997,9,5.733308913914523,Élevée
Zanzan,Acajou,294.81,307.99,2.32,2019,23.604999999999997,8,5.733308913914523,Élevée
Zanzan,Acajou,218.46,307.99,2.32,2019,23.604999999999997,9,5.733308913914523,Élevée
Zanzan,Iroko,426.12,478.4,6.68,2019,25.744999999999997,7,6.172535322000284,Élevée
Zanzan,Iroko,215.2,478.4,6.68,2019,25.744999999999997,12,6.172535322000284,Élevée
Zanzan,Iroko,28.07,478.4,6.68,2019,25.744999999999997,1,6.172535322000284,Élevée
Zanzan,Iroko,99.09,478.4,6.68,2019,25.744999999999997,3,6.172535322000284,Élevée
Zanzan,Samba,264.27,373.02,9.91,2019,30.13,8,5.924309271920574,Élevée
Zanzan,Samba,412.71,373.02,9.91,2019,30.13,12,5.924309271920574,Élevée
Zanzan,Samba,446.36,373.02,9.91,2019,30.13,9,5.924309271920574,Élevée
Zanzan,Samba,264.95,373.02,9.91,2019,30.13,1,5.924309271920574,Élevée
Zanzan,Samba,438.21,373.02,9.91,2019,30.13,8,5.924309271920574,Élevée
Zanzan,Samba,15.31,373.02,9.91,2019,30.13,7,5.924309271920574,Élevée
Zanzan,Eucalyptus,448.65,120.07,4.13,2019,21.345,8,4.7963688907196484,Faible
Abidjan,Cacao,311.35,481.56,7.24,2020,29.995,4,6.179105265379537,Élevée
Abidjan,Cacao,141.35,481.56,7.24,2020,29.995,8,6.179105265379537,Élevée
Abidjan,Cacao,301.74,481.56,7.24,2020,29.995,3,6.179105265379537,Élevée
Abidjan,Café,114.35,231.34,3.62,2020,28.53,6,5.448201816085329,Moyenne
Abidjan,Café,253.65,231.34,3.62,2020,28.53,12,5.448201816085329,Moyenne
Abidjan,Café,99.87,231.34,3.62,2020,28.53,12,5.448201816085329,Moyenne
Abidjan,Café,153.86,231.34,3.62,2020,28.53,4,5.448201816085329,Moyenne
Abidjan,Café,147.66,231.34,3.62,2020,28.53,8,5.448201816085329,Moyenne
Abidjan,Café,118.83,231.34,3.62,2020,28.53,10,5.448201816085329,Moyenne
Abidjan,Café,264.23,231.34,3.62,2020,28.53,3,5.448201816085329,Moyenne
Abidjan,Café,483.16,231.34,3.62,2020,28.53,5,5.448201816085329,Moyenne
Abidjan,Café,65.6,231.34,3.62,2020,28.53,4,5.448201816085329,Moyenne
Abidjan,Palmier à huile,455.14,179.23,9.14,2020,27.055,3,5.194233813004714,Moyenne
Abidjan,Palmier à huile,302.45,179.23,9.14,2020,27.055,7,5.194233813004714,Moyenne
Abidjan,Palmier à huile,410.44,179.23,9.14,2020,27.055,8,5.194233813004714,Moyenne
Abidjan,Hévéa,328.32,296.18,7.66,2020,26.14,4,5.694338015828201,Moyenne
Abidjan,Hévéa,68.22,296.18,7.66,2020,26.14,8,5.694338015828201,Moyenne
Abidjan,Hévéa,360.15,296.18,7.66,2020,26.14,9,5.694338015828201,Moyenne
Abidjan,Hévéa,22.92,296.18,7.66,2020,26.14,2,5.694338015828201,Moyenne
Abidjan,Hévéa,420.78,296.18,7.66,2020,26.14,3,5.694338015828201,Moyenne
Abidjan,Hévéa,342.01,296.18,7.66,2020,26.14,6,5.694338015828201,Moyenne
